item,stock
ax10002,13
gr10003,146
nb10004,51
de10005,151
lg10006,40
vb10007,72
jz10008,13
gp10009,112
pz10010,42
da10011,138
ny10012,178
pd10013,156
ig10014,67
fh10015,25
pe10016,40
he10017,189
zr10018,194
xx10019,66
jb10020,21
qu10021,123
zu10022,171
re10023,48
yl10024,85
ap10025,17
ed10026,99
ol10027,62
fv10028,186
gr10029,18
gb10030,162
sf10031,183
id10032,133
pg10033,89
pt10034,129
em10035,111
ob10036,185
qt10037,21
dr10038,30
np10039,79
is10040,91
oo10041,64
sa10042,137
cz10043,3
eq10044,45
da10045,70
pe10046,155
jy10047,92
ga10048,137
yq10049,189
gh10050,60
tf10051,149
oh10052,154
cc10053,151
vi10054,19
za10055,73
fj10056,176
bx10057,159
rp10058,170
he10059,158
bx10060,125
cl10061,58
qq10062,34
wc10063,111
zl10064,60
in10065,36
bj10066,64
tl10067,52
wf10068,5
nb10069,130
mh10070,132
fh10071,106
rh10072,167
cy10073,58
ny10074,98
sc10075,77
bn10076,106
kc10077,200
yz10078,90
bv10079,82
kr10080,187
jg10081,181
rp10082,32
jj10083,44
ft10084,37
gq10085,133
om10086,142
de10087,73
xo10088,153
yj10089,128
tu10090,194
or10091,39
kt10092,1
ap10093,18
mq10094,113
xb10095,174
fl10096,79
iy10097,55
pc10098,35
uy10099,132
bk10100,146
in10101,192
um10102,76
bu10103,191
yl10104,175
ho10105,182
ip10106,0
fj10107,199
xi10108,20
fx10109,115
jl10110,95
pf10111,113
pg10112,46
ru10113,75
eb10114,80
ai10115,56
pj10116,163
ko10117,38
bc10118,76
ox10119,43
ay10120,77
kc10121,159
bj10122,95
sb10123,18
jl10124,22
hf10125,176
sz10126,105
ct10127,156
fz10128,78
uh10129,85
jm10130,18
hj10131,147
ih10132,2
is10133,144
kx10134,178
ok10135,90
tx10136,62
xo10137,110
mf10138,86
cl10139,92
gu10140,200
vh10141,166
uy10142,82
aq10143,171
id10144,64
vy10145,119
hi10146,82
lu10147,83
nk10148,31
ft10149,192
ut10150,114
wb10151,173
pa10152,29
ik10153,74
ip10154,159
ve10155,45
xa10156,62
xh10157,86
qn10158,12
pz10159,102
yu10160,159
bs10161,70
zv10162,13
jd10163,123
le10164,121
kq10165,90
lj10166,39
am10167,4
ja10168,185
bn10169,43
ap10170,23
ei10171,19
hd10172,34
qz10173,14
tx10174,70
xj10175,13
rj10176,91
bb10177,11
vu10178,171
ig10179,38
lx10180,33
af10181,80
yi10182,140
qe10183,147
td10184,175
bz10185,167
ap10186,0
vx10187,171
il10188,75
wp10189,99
hw10190,86
aq10191,38
zh10192,138
nv10193,48
xu10194,46
dx10195,183
ve10196,105
na10197,145
wx10198,52
wk10199,85
lx10200,51
bf10201,182
cx10202,175
it10203,111
ai10204,31
kl10205,183
qa10206,169
rh10207,45
eu10208,162
zy10209,118
im10210,156
ia10211,98
cd10212,189
gq10213,19
wf10214,102
uo10215,94
vi10216,108
ti10217,71
lm10218,55
oi10219,21
dc10220,131
gv10221,116
tr10222,136
tw10223,45
he10224,63
pb10225,91
rx10226,76
do10227,60
jr10228,108
ks10229,102
xy10230,139
in10231,175
rj10232,67
ms10233,58
nt10234,109
dm10235,62
tb10236,167
gx10237,37
cx10238,3
jn10239,176
gi10240,185
pc10241,59
pt10242,104
pq10243,17
kt10244,30
uy10245,22
eo10246,114
pn10247,157
is10248,20
kg10249,30
fa10250,1
ph10251,132
ja10252,140
wq10253,29
um10254,61
bp10255,76
yf10256,88
oj10257,74
qg10258,162
xe10259,158
na10260,71
zu10261,154
ou10262,126
eu10263,4
mm10264,93
zp10265,133
ap10266,8
gv10267,158
xa10268,67
cz10269,28
ik10270,108
wf10271,150
qr10272,137
mr10273,67
mq10274,105
ft10275,35
jj10276,109
hy10277,36
re10278,128
ej10279,127
qz10280,172
pz10281,66
zi10282,120
hi10283,57
tv10284,130
bu10285,199
nm10286,168
zw10287,151
ej10288,192
ib10289,18
gz10290,141
gg10291,119
jl10292,141
fq10293,80
ev10294,15
oz10295,119
gr10296,61
wb10297,16
wl10298,134
sk10299,4
nt10300,108
hj10301,101
et10302,148
du10303,61
he10304,75
ov10305,31
ac10306,42
rh10307,74
qn10308,27
uf10309,26
sc10310,33
kv10311,185
qe10312,40
wd10313,169
rq10314,45
jw10315,99
qz10316,38
le10317,102
lg10318,168
oo10319,32
cp10320,121
pt10321,9
nz10322,47
il10323,175
ye10324,7
eu10325,189
ya10326,24
ai10327,15
hx10328,168
qx10329,10
mi10330,118
jp10331,112
gp10332,197
zn10333,192
pw10334,25
ji10335,91
gi10336,12
bf10337,85
sd10338,73
rw10339,107
nq10340,110
np10341,56
oo10342,69
on10343,116
zx10344,37
iu10345,150
dz10346,99
fh10347,59
sn10348,70
xo10349,181
kg10350,1
mo10351,168
qm10352,173
yu10353,39
kj10354,77
pz10355,190
ip10356,67
oy10357,95
ts10358,101
ru10359,114
hk10360,7
iq10361,112
sx10362,35
nj10363,113
uu10364,143
zw10365,70
sl10366,117
do10367,126
dg10368,133
ga10369,179
ul10370,143
km10371,151
np10372,192
gu10373,97
dd10374,60
lr10375,9
se10376,46
xn10377,166
bs10378,95
wx10379,138
oo10380,165
ao10381,35
pf10382,2
jj10383,159
wo10384,169
fz10385,32
gm10386,30
nz10387,199
si10388,159
kk10389,33
xn10390,18
pz10391,108
fv10392,0
rq10393,200
xt10394,26
ge10395,123
ov10396,47
hm10397,45
dz10398,14
nv10399,174
uh10400,0
ev10401,96
ix10402,125
wl10403,35
qh10404,126
th10405,196
np10406,0
dl10407,21
we10408,126
uy10409,67
gg10410,165
bd10411,91
kf10412,101
sl10413,190
ew10414,197
bv10415,179
du10416,112
bs10417,61
fb10418,163
wg10419,192
xa10420,103
nb10421,7
ao10422,183
wt10423,2
kr10424,38
oc10425,33
qw10426,154
aw10427,157
pj10428,30
se10429,86
py10430,164
sq10431,178
ls10432,79
sh10433,164
sq10434,169
mq10435,151
au10436,154
te10437,187
bv10438,79
kx10439,71
tr10440,183
tb10441,168
wn10442,9
hw10443,92
rw10444,65
kj10445,197
ie10446,185
df10447,128
rs10448,73
ks10449,103
ah10450,124
jb10451,60
kk10452,109
eu10453,59
bi10454,27
eb10455,81
hu10456,165
db10457,18
dc10458,165
nt10459,195
pv10460,168
hw10461,118
qw10462,6
nx10463,153
hx10464,12
dp10465,176
bl10466,24
lr10467,198
ao10468,87
lc10469,105
mm10470,22
ie10471,130
no10472,44
zb10473,174
eu10474,76
jm10475,66
ym10476,86
bp10477,131
gn10478,48
it10479,9
ck10480,117
ji10481,94
hc10482,163
fi10483,161
jw10484,163
jp10485,66
hb10486,120
xn10487,132
ff10488,118
hs10489,95
uv10490,192
rv10491,29
mi10492,111
qm10493,115
lw10494,3
ld10495,56
au10496,122
ma10497,73
vs10498,137
up10499,83
ca10500,137
qw10501,57
zs10502,141
wc10503,14
xf10504,59
so10505,37
js10506,102
ua10507,40
aq10508,13
wq10509,57
gs10510,164
ng10511,166
ig10512,194
si10513,38
bt10514,30
uf10515,50
pe10516,56
xd10517,63
xt10518,111
ex10519,10
bt10520,80
ya10521,162
zt10522,24
rd10523,68
le10524,54
os10525,162
mf10526,159
zd10527,43
hu10528,169
ci10529,25
tw10530,181
kt10531,14
sb10532,3
fs10533,80
bo10534,176
cn10535,144
ob10536,139
ww10537,8
sg10538,71
jj10539,79
ji10540,88
kc10541,83
ou10542,129
mi10543,6
ox10544,158
zr10545,116
nn10546,172
qc10547,111
aj10548,177
hi10549,12
ia10550,98
en10551,85
lh10552,149
me10553,198
ol10554,167
sq10555,6
vo10556,66
vm10557,65
sk10558,89
ta10559,165
dc10560,101
fz10561,49
wn10562,16
zf10563,118
ao10564,20
xh10565,34
do10566,115
qe10567,105
qe10568,63
cr10569,48
jj10570,142
sh10571,47
yo10572,91
fy10573,14
av10574,42
xw10575,76
id10576,161
bt10577,180
rb10578,200
yf10579,174
rw10580,137
ix10581,8
xh10582,172
yn10583,93
px10584,175
cg10585,110
fm10586,33
cv10587,180
rt10588,41
lk10589,83
ga10590,143
fv10591,131
cp10592,14
ub10593,147
qm10594,168
ez10595,30
as10596,12
iq10597,7
id10598,187
uo10599,59
nl10600,129
wv10601,6
vp10602,38
lo10603,104
ff10604,171
th10605,56
tr10606,127
ay10607,45
rr10608,184
cr10609,26
cn10610,23
pp10611,106
bi10612,66
an10613,53
yt10614,141
pd10615,141
kb10616,100
dm10617,81
aj10618,119
na10619,96
yn10620,137
wh10621,69
ri10622,159
ot10623,54
wa10624,11
nj10625,23
ib10626,107
ce10627,10
ta10628,189
py10629,155
mv10630,146
oz10631,43
ve10632,161
iw10633,145
wt10634,155
ra10635,42
kw10636,55
ov10637,7
qh10638,200
vt10639,26
pr10640,188
kg10641,45
zr10642,60
lg10643,68
nl10644,169
yv10645,154
id10646,86
bu10647,147
tp10648,192
kg10649,152
lv10650,167
qy10651,11
dp10652,174
zt10653,87
al10654,132
ie10655,58
mr10656,27
qs10657,98
gp10658,155
zi10659,161
el10660,158
jh10661,124
dm10662,35
wq10663,125
vb10664,114
zp10665,137
el10666,21
wl10667,126
tr10668,132
wi10669,187
cy10670,120
tn10671,83
rj10672,86
sg10673,101
wa10674,109
ev10675,126
vo10676,3
iv10677,138
cc10678,104
et10679,72
iv10680,61
rs10681,32
sp10682,46
kj10683,22
uk10684,152
km10685,194
kr10686,60
gw10687,59
cm10688,124
xi10689,82
iq10690,149
ue10691,103
zm10692,88
xf10693,112
py10694,28
ff10695,20
bx10696,168
bx10697,125
it10698,193
ki10699,178
oq10700,125
fd10701,150
ze10702,131
ro10703,163
hl10704,83
jz10705,142
ux10706,46
wh10707,105
hy10708,23
hi10709,7
hb10710,36
fv10711,127
ad10712,24
tn10713,156
uw10714,188
qw10715,197
lt10716,140
bu10717,38
iq10718,192
st10719,140
gc10720,87
wo10721,112
up10722,169
wt10723,140
ip10724,142
sd10725,123
uo10726,125
yy10727,75
hc10728,67
wt10729,184
gs10730,120
jr10731,82
ag10732,122
mi10733,65
oj10734,39
pp10735,156
go10736,160
vf10737,76
cq10738,143
qq10739,102
et10740,11
od10741,129
nn10742,133
zq10743,8
ht10744,107
vz10745,99
eh10746,181
ty10747,60
ue10748,176
ne10749,34
qc10750,34
ze10751,188
am10752,167
so10753,21
vz10754,86
af10755,117
dx10756,95
ik10757,186
bn10758,122
wo10759,128
xz10760,127
pt10761,51
qt10762,95
sw10763,95
rv10764,37
nc10765,144
zi10766,140
iv10767,44
qy10768,44
bx10769,123
ei10770,76
uk10771,173
it10772,78
xw10773,17
eo10774,94
ic10775,110
rp10776,154
wa10777,169
qv10778,61
sr10779,56
eo10780,75
mm10781,130
fu10782,62
xq10783,49
ub10784,40
ww10785,154
sl10786,21
zx10787,116
mk10788,70
li10789,96
uv10790,53
fg10791,188
fh10792,143
gj10793,192
np10794,94
mf10795,91
nb10796,40
gt10797,134
je10798,6
cq10799,49
yz10800,98
uu10801,91
xc10802,172
lm10803,138
fx10804,179
bx10805,173
hi10806,178
mb10807,114
nl10808,103
pv10809,51
ts10810,72
ld10811,73
hw10812,109
qk10813,21
ns10814,108
fm10815,82
lv10816,174
og10817,145
ig10818,199
cj10819,21
tr10820,128
bk10821,176
am10822,152
bt10823,54
vc10824,98
px10825,62
ye10826,198
oy10827,10
fj10828,151
nq10829,40
rr10830,186
dg10831,108
sx10832,167
gl10833,4
zw10834,84
hn10835,106
ku10836,90
qr10837,195
wy10838,185
rx10839,163
js10840,12
ac10841,32
wj10842,33
yc10843,166
np10844,112
ov10845,118
qa10846,20
mq10847,3
cn10848,158
kn10849,131
bb10850,73
bq10851,169
rt10852,152
al10853,62
xq10854,150
gq10855,149
oa10856,182
rm10857,169
mf10858,194
kh10859,188
el10860,40
pq10861,193
wo10862,69
kh10863,146
sh10864,138
ok10865,122
yg10866,176
hf10867,190
ho10868,8
tm10869,42
jx10870,166
lj10871,129
da10872,12
dz10873,15
wf10874,188
mv10875,157
rs10876,83
zi10877,66
fc10878,126
ys10879,49
bb10880,49
ka10881,49
rv10882,111
jm10883,87
yp10884,22
tn10885,144
mq10886,170
av10887,155
qz10888,84
qw10889,162
kr10890,172
ma10891,80
vt10892,181
ha10893,39
ja10894,172
ri10895,199
sm10896,108
pr10897,141
pn10898,118
qf10899,37
or10900,59
xi10901,181
gt10902,123
we10903,73
dc10904,7
ho10905,108
kk10906,97
wz10907,79
da10908,118
xz10909,192
ov10910,89
sz10911,43
zt10912,171
jj10913,134
gw10914,146
qo10915,0
ah10916,3
gc10917,105
ua10918,30
bb10919,150
nf10920,111
qr10921,127
ra10922,34
ax10923,30
di10924,152
hh10925,1
oy10926,147
hj10927,93
mp10928,134
uk10929,43
yn10930,198
mb10931,7
kt10932,57
kk10933,12
oz10934,184
bv10935,127
ps10936,17
kl10937,80
ba10938,2
vm10939,118
xo10940,129
or10941,42
pf10942,182
kx10943,61
gd10944,165
ot10945,53
vo10946,48
ye10947,69
to10948,71
yj10949,98
ag10950,77
uy10951,55
tu10952,84
uq10953,181
bt10954,187
pc10955,154
vk10956,33
ib10957,111
yl10958,105
hf10959,15
dk10960,177
pr10961,41
xg10962,37
zd10963,17
xs10964,188
yh10965,143
xs10966,113
lp10967,120
ta10968,128
dn10969,187
ux10970,159
nt10971,150
qn10972,107
se10973,93
dq10974,11
ci10975,17
ms10976,74
se10977,120
cm10978,21
xh10979,138
ts10980,79
wy10981,58
bt10982,53
iq10983,122
mu10984,43
cj10985,121
px10986,104
vf10987,135
uw10988,134
mt10989,104
vw10990,18
ff10991,92
xl10992,5
ie10993,62
pp10994,176
bd10995,94
vm10996,128
ht10997,60
wo10998,52
gf10999,181
py11000,150
il11001,78
po11002,145
ud11003,151
bu11004,47
js11005,143
mn11006,42
fs11007,160
fk11008,136
gn11009,114
xs11010,196
xs11011,30
ua11012,77
fo11013,68
fp11014,94
mq11015,121
sb11016,52
ax11017,85
we11018,189
pk11019,83
dg11020,53
zv11021,91
px11022,169
bj11023,42
wf11024,85
qj11025,14
lk11026,123
cs11027,5
ag11028,177
ce11029,128
iy11030,153
un11031,92
ue11032,56
yh11033,51
nr11034,93
za11035,11
wg11036,79
wy11037,167
vv11038,143
ij11039,47
sw11040,14
le11041,40
oq11042,38
hv11043,124
fg11044,135
gk11045,64
fw11046,27
rh11047,27
aa11048,117
js11049,107
hx11050,8
td11051,2
oa11052,69
vm11053,9
gq11054,189
qd11055,106
ao11056,44
ol11057,32
ux11058,92
qy11059,132
rm11060,28
mh11061,145
fh11062,58
nh11063,86
ku11064,113
nb11065,128
uk11066,1
fc11067,151
qe11068,58
lq11069,20
jf11070,31
ic11071,40
tv11072,146
qj11073,172
gp11074,1
gv11075,186
cv11076,124
kw11077,177
at11078,27
bs11079,59
hn11080,192
ws11081,152
tw11082,41
mz11083,27
fi11084,104
kz11085,76
qg11086,85
mn11087,151
zr11088,7
xv11089,13
xo11090,87
kr11091,129
xt11092,94
ab11093,85
wj11094,66
nv11095,35
wd11096,143
zq11097,158
gl11098,66
ra11099,38
mt11100,110
rp11101,198
ao11102,44
hf11103,158
vq11104,18
fj11105,173
mg11106,124
uq11107,88
sb11108,145
ro11109,198
gl11110,14
sm11111,100
ci11112,184
eg11113,48
qx11114,64
yw11115,118
fi11116,101
mo11117,160
mm11118,141
mc11119,34
tr11120,107
qi11121,181
zn11122,68
wb11123,169
td11124,19
bm11125,23
ph11126,184
ri11127,144
iq11128,112
pv11129,131
dp11130,121
wh11131,110
xv11132,33
tu11133,105
gl11134,144
ji11135,12
co11136,98
vm11137,191
fh11138,188
eg11139,53
ud11140,156
nn11141,48
ch11142,175
zs11143,140
ll11144,90
rb11145,11
tl11146,92
on11147,1
yt11148,0
zd11149,117
jc11150,75
uc11151,120
sl11152,139
cc11153,43
nc11154,46
qa11155,36
lf11156,140
hl11157,176
hh11158,192
os11159,160
ta11160,145
fp11161,191
zm11162,198
tf11163,66
xx11164,18
lj11165,12
hk11166,189
cl11167,105
vn11168,33
zx11169,87
zi11170,61
de11171,158
dj11172,92
dw11173,13
xp11174,197
fn11175,140
iz11176,129
wq11177,46
ft11178,174
gf11179,106
jc11180,195
sm11181,75
rc11182,87
pg11183,22
ag11184,1
ko11185,118
fk11186,175
vw11187,90
gi11188,188
co11189,96
dy11190,163
jj11191,181
yf11192,109
la11193,157
qq11194,108
td11195,189
pu11196,88
ko11197,90
nx11198,49
js11199,35
as11200,34
qv11201,69
xw11202,117
hn11203,120
jr11204,72
sl11205,155
rz11206,144
ju11207,109
zn11208,72
yu11209,196
lu11210,104
yy11211,41
ra11212,192
ru11213,50
qu11214,18
dh11215,86
om11216,129
gt11217,127
as11218,97
gh11219,102
ry11220,149
lb11221,118
wb11222,187
og11223,116
wy11224,26
na11225,50
ye11226,47
zp11227,92
xe11228,106
ut11229,116
qx11230,192
sb11231,1
ah11232,188
vi11233,17
jj11234,153
ua11235,166
nj11236,83
ij11237,12
ez11238,31
si11239,111
pf11240,186
ph11241,153
xi11242,114
dq11243,32
vd11244,134
ov11245,79
ol11246,172
hv11247,41
hu11248,150
av11249,5
iu11250,147
gq11251,46
aw11252,57
je11253,73
kg11254,59
sf11255,80
go11256,117
lc11257,140
el11258,157
pa11259,94
ol11260,91
nb11261,0
fc11262,60
kk11263,38
dz11264,26
py11265,128
ss11266,26
iy11267,0
yh11268,59
rv11269,170
xf11270,160
dl11271,172
ke11272,184
ep11273,7
lu11274,161
vt11275,168
gm11276,200
da11277,191
lq11278,196
ne11279,113
so11280,92
ul11281,165
hy11282,32
pp11283,198
oc11284,112
es11285,55
mc11286,127
ak11287,75
tt11288,58
yh11289,135
pk11290,90
ck11291,32
nq11292,121
fv11293,62
jw11294,23
cz11295,22
qr11296,26
sf11297,68
kr11298,90
jp11299,47
cv11300,26
bb11301,198
kl11302,176
zb11303,23
xq11304,110
by11305,137
gf11306,43
nd11307,179
zk11308,56
lt11309,172
rr11310,185
pa11311,195
my11312,153
zu11313,40
gw11314,30
jq11315,130
rs11316,18
wt11317,9
mk11318,83
vf11319,34
hu11320,196
qn11321,45
mk11322,160
du11323,24
kp11324,166
it11325,59
ge11326,138
be11327,95
bh11328,76
lv11329,80
dm11330,189
ti11331,158
ne11332,192
cm11333,163
lf11334,6
qh11335,155
df11336,124
ly11337,146
vq11338,62
pz11339,168
om11340,159
om11341,152
ma11342,186
tg11343,151
zg11344,64
ll11345,74
bv11346,15
re11347,197
kl11348,26
ph11349,34
ut11350,199
sp11351,168
zv11352,50
my11353,164
co11354,195
uq11355,43
lx11356,50
rc11357,40
up11358,135
qd11359,48
dm11360,146
ze11361,91
nt11362,123
pg11363,197
bb11364,110
fu11365,10
mp11366,22
wk11367,82
mp11368,137
mj11369,135
az11370,73
nc11371,123
gx11372,34
eq11373,92
wf11374,16
am11375,79
qp11376,143
yb11377,149
at11378,7
hd11379,194
yb11380,28
lv11381,112
oy11382,90
ue11383,42
xm11384,67
bw11385,63
kk11386,146
fv11387,176
ah11388,52
im11389,8
us11390,134
hz11391,13
my11392,183
pt11393,42
vw11394,46
gm11395,32
os11396,99
lq11397,64
mm11398,32
bk11399,121
go11400,98
yh11401,3
da11402,34
jd11403,94
sy11404,42
yi11405,3
lx11406,188
wg11407,27
uz11408,105
km11409,156
cs11410,141
nq11411,65
ip11412,134
sc11413,196
kz11414,105
te11415,113
vx11416,15
xp11417,138
vq11418,25
oo11419,194
te11420,158
dp11421,90
dd11422,123
ak11423,84
ww11424,4
sb11425,185
ho11426,7
jg11427,49
wi11428,155
uq11429,176
fe11430,105
gp11431,87
bl11432,55
ah11433,60
br11434,51
cd11435,43
ew11436,103
mb11437,18
mm11438,172
jp11439,64
dn11440,192
ez11441,23
bb11442,99
gy11443,184
tf11444,88
xs11445,117
uc11446,90
gw11447,3
jc11448,43
qs11449,6
sl11450,69
sg11451,15
zu11452,73
gq11453,177
mf11454,39
di11455,60
ro11456,10
vz11457,127
nx11458,42
vq11459,151
ci11460,66
pu11461,84
yy11462,78
nf11463,125
ki11464,110
qa11465,83
gn11466,105
dg11467,63
jv11468,80
gk11469,127
vn11470,135
iv11471,139
ge11472,9
he11473,95
wa11474,39
jl11475,156
en11476,132
yq11477,57
ap11478,144
tv11479,71
px11480,79
vb11481,176
lb11482,24
bw11483,111
ya11484,65
vt11485,193
ly11486,141
ok11487,11
ob11488,155
gx11489,24
jj11490,111
qu11491,105
so11492,151
mz11493,189
yu11494,171
ie11495,78
my11496,78
ka11497,151
kv11498,50
aw11499,171
bt11500,52
ec11501,119
vw11502,165
qy11503,146
fv11504,191
dg11505,175
vb11506,27
gn11507,84
sg11508,89
dv11509,102
yr11510,22
lw11511,15
yo11512,87
wz11513,182
qy11514,195
me11515,156
wt11516,131
ex11517,24
ux11518,174
pv11519,164
hq11520,30
uf11521,28
qw11522,9
kf11523,109
wu11524,156
fg11525,18
ly11526,55
pl11527,99
rs11528,186
ox11529,124
ph11530,164
xi11531,88
yv11532,96
pl11533,198
ef11534,29
bx11535,55
pn11536,116
gt11537,67
vs11538,96
vw11539,146
ej11540,48
ns11541,74
sv11542,37
aj11543,72
fv11544,168
sp11545,8
au11546,156
pi11547,25
me11548,145
zz11549,103
de11550,127
bs11551,29
cd11552,52
uz11553,106
rc11554,131
rc11555,91
bl11556,73
hi11557,37
aa11558,104
eb11559,107
be11560,190
rn11561,162
wn11562,161
vg11563,88
gn11564,170
oi11565,135
be11566,184
ib11567,127
di11568,56
op11569,57
cf11570,37
ty11571,45
jv11572,122
au11573,23
xs11574,143
fg11575,67
qf11576,35
gf11577,176
xm11578,12
zc11579,152
oj11580,165
mx11581,175
ht11582,156
ee11583,169
tt11584,168
yo11585,172
sz11586,150
zv11587,108
ri11588,180
rr11589,114
ja11590,156
zr11591,177
uw11592,99
dq11593,149
ya11594,69
xa11595,117
ch11596,92
tf11597,107
pu11598,56
vj11599,109
my11600,149
sq11601,198
oh11602,132
zp11603,43
nh11604,17
ng11605,96
gk11606,144
wx11607,110
aw11608,155
nu11609,97
kz11610,83
mq11611,11
bw11612,82
fd11613,81
vb11614,122
uy11615,11
ev11616,116
mr11617,160
pf11618,1
ff11619,57
ob11620,84
bb11621,15
ca11622,48
oj11623,2
ew11624,190
wz11625,78
qj11626,103
kh11627,107
jt11628,90
aa11629,159
lp11630,147
xg11631,200
az11632,107
xz11633,21
nv11634,98
yf11635,84
ma11636,117
sy11637,115
zv11638,3
yk11639,144
ee11640,108
cf11641,22
lb11642,51
il11643,82
nd11644,128
fs11645,132
mf11646,160
nj11647,157
uo11648,135
ed11649,98
jv11650,26
fs11651,149
mj11652,102
wp11653,162
cb11654,135
pj11655,14
lp11656,154
zh11657,41
ep11658,64
vd11659,175
gu11660,192
ad11661,172
ix11662,46
rj11663,45
wi11664,104
cw11665,52
gr11666,192
yx11667,29
xh11668,47
mz11669,102
tp11670,105
hz11671,123
dc11672,115
os11673,66
hr11674,183
jh11675,32
hn11676,200
xx11677,102
oe11678,4
gi11679,128
yq11680,89
re11681,174
ft11682,20
wk11683,177
ve11684,19
eg11685,109
kp11686,130
no11687,124
gq11688,161
za11689,161
hk11690,89
yq11691,158
my11692,180
jf11693,143
an11694,19
sf11695,148
eq11696,100
br11697,155
ik11698,21
nj11699,186
bn11700,5
fj11701,24
ro11702,49
fw11703,100
ds11704,40
gn11705,179
wd11706,65
gy11707,51
wq11708,135
jf11709,194
on11710,47
tz11711,157
dl11712,36
si11713,44
dl11714,162
ue11715,128
tt11716,50
vw11717,84
du11718,11
pv11719,46
nf11720,37
yq11721,146
gz11722,118
ct11723,138
fm11724,53
cl11725,52
pl11726,170
vy11727,179
ir11728,104
tz11729,182
hy11730,167
wj11731,139
wr11732,76
ye11733,195
ta11734,10
cg11735,143
aq11736,128
qe11737,19
jo11738,103
co11739,191
jo11740,170
rg11741,85
di11742,124
zz11743,28
mt11744,19
te11745,12
xy11746,91
oc11747,91
sy11748,3
qq11749,86
ip11750,61
iw11751,98
ge11752,133
my11753,173
gj11754,87
wb11755,79
gt11756,68
ns11757,121
pg11758,118
fk11759,116
qr11760,174
lm11761,29
yv11762,44
vt11763,68
tn11764,99
db11765,153
mq11766,87
kf11767,89
rx11768,119
gq11769,67
zf11770,27
xv11771,78
nb11772,45
by11773,74
ma11774,18
un11775,135
qg11776,200
sd11777,135
vr11778,177
ce11779,31
zo11780,97
wt11781,143
dr11782,17
kq11783,81
fd11784,91
uk11785,18
yc11786,71
en11787,92
kb11788,57
zw11789,172
cn11790,75
wr11791,23
bm11792,199
tt11793,48
db11794,196
wo11795,189
hw11796,12
vb11797,49
jd11798,137
ui11799,116
ex11800,139
ra11801,111
ff11802,176
pd11803,166
wx11804,4
kz11805,109
sh11806,152
xf11807,167
xs11808,183
gs11809,77
rk11810,134
hz11811,61
yf11812,3
be11813,35
av11814,146
oo11815,36
zb11816,119
nt11817,193
pf11818,112
tv11819,103
dh11820,89
qj11821,192
iw11822,158
ii11823,161
ib11824,53
nj11825,192
jx11826,19
tk11827,101
yr11828,194
gc11829,21
vv11830,123
zy11831,136
ty11832,170
if11833,129
kq11834,113
ba11835,136
xg11836,171
el11837,61
yj11838,31
jg11839,32
sf11840,31
ee11841,106
nj11842,123
be11843,79
tc11844,166
zg11845,98
hi11846,113
pi11847,49
gz11848,105
zg11849,88
vv11850,115
po11851,130
il11852,35
fx11853,50
qv11854,75
mj11855,70
lh11856,181
iu11857,33
lh11858,186
mb11859,175
ac11860,68
lt11861,32
bb11862,144
aj11863,69
ig11864,86
bb11865,171
zp11866,189
nw11867,120
gq11868,74
pv11869,155
cj11870,65
qv11871,193
fy11872,39
ny11873,85
vq11874,8
iw11875,179
gs11876,42
be11877,103
le11878,83
ri11879,77
ri11880,59
cp11881,3
ha11882,80
na11883,5
te11884,109
fi11885,179
bw11886,118
is11887,106
vw11888,179
dh11889,61
du11890,119
da11891,37
qc11892,171
oj11893,114
px11894,96
hf11895,173
fh11896,174
im11897,112
ey11898,42
ez11899,66
zk11900,191
jk11901,59
ci11902,85
ds11903,56
ab11904,171
ek11905,22
ao11906,138
eg11907,170
hs11908,200
np11909,129
ug11910,86
if11911,129
ph11912,160
mt11913,195
gl11914,155
ya11915,133
il11916,189
ir11917,28
bg11918,58
dv11919,179
th11920,119
fs11921,160
db11922,39
om11923,35
be11924,145
pg11925,100
fd11926,23
hw11927,124
ko11928,23
gj11929,26
jj11930,92
nl11931,135
vm11932,153
pk11933,174
lv11934,94
fq11935,55
cy11936,8
ue11937,71
ah11938,162
er11939,8
gh11940,40
ff11941,67
zi11942,8
tf11943,130
dp11944,43
jq11945,106
wa11946,181
ad11947,56
ku11948,166
de11949,42
vj11950,131
to11951,169
pu11952,83
om11953,101
kz11954,39
cm11955,108
wx11956,21
fu11957,189
yr11958,199
ig11959,19
tm11960,71
qn11961,44
pi11962,146
pz11963,140
gq11964,91
uk11965,185
xl11966,142
il11967,34
go11968,105
qv11969,168
gs11970,76
sc11971,79
tr11972,97
wf11973,125
iz11974,186
my11975,42
bc11976,80
xx11977,26
ei11978,183
nm11979,93
er11980,3
jo11981,173
sl11982,97
vy11983,49
yy11984,158
zf11985,167
as11986,9
xz11987,102
gw11988,118
tj11989,126
pi11990,146
bs11991,68
jg11992,2
gh11993,51
dw11994,101
hx11995,200
ks11996,30
dj11997,135
ls11998,75
vb11999,153
wh12000,14
vz12001,33
cd12002,185
dd12003,160
ko12004,149
ei12005,3
az12006,9
un12007,164
af12008,108
kc12009,88
qi12010,167
ab12011,43
dn12012,11
ac12013,64
et12014,188
ou12015,71
mh12016,13
gy12017,13
kz12018,148
cp12019,90
nu12020,38
oh12021,91
er12022,83
mk12023,182
kj12024,138
th12025,3
ej12026,149
gs12027,134
hh12028,153
ar12029,119
km12030,24
mq12031,190
ub12032,32
jl12033,191
hl12034,85
rb12035,163
bq12036,184
ww12037,85
zb12038,151
vu12039,130
lp12040,7
ck12041,101
qd12042,191
fm12043,100
ew12044,67
vx12045,163
er12046,50
do12047,80
iq12048,85
aa12049,50
wb12050,61
ca12051,131
yu12052,59
gw12053,15
bn12054,34
wq12055,22
bm12056,103
ur12057,155
ry12058,162
zz12059,21
yb12060,176
cy12061,111
mg12062,93
pm12063,69
oq12064,159
ra12065,200
mx12066,128
pz12067,31
bn12068,109
hl12069,128
pl12070,189
xw12071,174
zn12072,12
mo12073,179
fq12074,199
pp12075,118
ry12076,127
nm12077,184
mh12078,26
re12079,140
vj12080,119
kd12081,104
js12082,139
eu12083,57
rj12084,15
rd12085,45
on12086,163
jo12087,1
jk12088,60
ij12089,198
gs12090,97
fc12091,65
id12092,43
rr12093,193
we12094,183
wv12095,189
ss12096,197
ej12097,144
pu12098,108
ek12099,162
nl12100,197
yo12101,185
ak12102,168
rt12103,19
bz12104,86
qs12105,145
si12106,66
aa12107,118
pl12108,182
gu12109,111
mw12110,66
xw12111,149
yj12112,65
ft12113,172
fg12114,186
pi12115,48
lp12116,112
pr12117,156
ov12118,153
wa12119,26
gf12120,57
cb12121,151
oy12122,160
wc12123,134
pn12124,88
st12125,27
km12126,28
ev12127,121
ae12128,164
fu12129,36
rs12130,174
mh12131,17
db12132,93
ff12133,77
oy12134,198
vy12135,119
ww12136,131
jx12137,145
kq12138,35
lr12139,168
vf12140,120
xu12141,179
ef12142,9
eg12143,105
sj12144,3
kf12145,125
na12146,38
hz12147,160
yj12148,124
ra12149,169
tt12150,66
xk12151,21
no12152,188
qk12153,101
jw12154,166
mr12155,135
ga12156,158
zj12157,39
gx12158,81
wn12159,0
nu12160,107
ip12161,8
le12162,89
hc12163,166
jx12164,16
me12165,121
ep12166,97
la12167,58
xl12168,183
mp12169,95
ii12170,46
wi12171,2
kr12172,4
zk12173,176
ns12174,81
ul12175,16
qw12176,29
qw12177,133
pq12178,80
ob12179,42
lc12180,176
ns12181,27
bx12182,25
ul12183,9
jw12184,41
sz12185,35
rk12186,135
ru12187,17
li12188,85
ku12189,156
um12190,89
eg12191,180
xt12192,55
pq12193,88
dk12194,14
ez12195,159
wc12196,148
lo12197,126
ww12198,24
wx12199,55
vb12200,93
og12201,51
dw12202,194
bf12203,195
ue12204,80
uv12205,38
uw12206,161
lr12207,0
xa12208,20
wu12209,39
cq12210,43
dc12211,11
zi12212,193
kx12213,76
ab12214,41
zf12215,7
rh12216,104
sm12217,91
wz12218,28
wu12219,25
ux12220,135
il12221,34
gt12222,124
kk12223,107
ur12224,94
hx12225,143
cf12226,148
hu12227,35
wk12228,149
ev12229,29
js12230,39
en12231,168
lk12232,68
ph12233,63
gw12234,23
ec12235,160
vv12236,3
mv12237,149
or12238,198
fy12239,191
fa12240,83
fl12241,149
mu12242,8
ad12243,142
yr12244,144
xu12245,25
bx12246,157
cy12247,50
xk12248,45
hd12249,166
eq12250,15
ai12251,105
ex12252,200
ia12253,8
fv12254,4
xz12255,181
fx12256,106
vv12257,147
cm12258,48
xa12259,70
jm12260,157
ya12261,21
rj12262,4
vl12263,193
nt12264,8
ps12265,67
vn12266,11
co12267,187
mc12268,24
yl12269,55
we12270,181
xi12271,134
un12272,112
zt12273,180
ew12274,182
qp12275,173
dp12276,55
ik12277,136
qr12278,195
yi12279,178
uw12280,83
qu12281,122
ad12282,174
kn12283,71
kr12284,108
ct12285,30
le12286,7
gq12287,75
qj12288,39
ax12289,133
br12290,100
em12291,109
dm12292,161
ie12293,29
nv12294,40
vj12295,120
ey12296,39
wv12297,86
nm12298,84
uf12299,185
jg12300,193
vs12301,26
qz12302,100
dk12303,175
rk12304,66
jr12305,5
dk12306,167
yb12307,198
fy12308,79
bi12309,120
ro12310,197
ku12311,129
dv12312,100
og12313,182
al12314,160
dz12315,187
ls12316,158
hk12317,138
ui12318,158
ly12319,16
pn12320,182
yl12321,57
gh12322,50
kj12323,116
oc12324,29
mo12325,23
ac12326,74
nv12327,153
ug12328,53
fa12329,75
aa12330,3
ud12331,75
gc12332,77
js12333,25
mq12334,140
vc12335,195
nn12336,135
fa12337,32
sa12338,133
uu12339,139
uw12340,22
yo12341,82
nh12342,35
zs12343,33
of12344,0
fl12345,143
ap12346,168
nt12347,187
hc12348,100
ga12349,194
yj12350,98
mx12351,116
rm12352,14
vz12353,116
gq12354,47
ho12355,91
hw12356,86
yp12357,8
oa12358,55
fa12359,127
hq12360,161
fn12361,148
mc12362,182
yh12363,46
mg12364,158
xh12365,51
zk12366,55
hv12367,44
pw12368,166
il12369,127
ua12370,107
ht12371,28
ay12372,143
go12373,123
dj12374,41
ql12375,149
ix12376,178
sw12377,116
ch12378,144
qa12379,92
bs12380,134
vh12381,108
au12382,174
yk12383,39
bg12384,116
ol12385,74
dj12386,179
au12387,78
ct12388,2
va12389,119
mq12390,16
og12391,86
pt12392,142
zj12393,178
xp12394,46
ba12395,61
fu12396,150
we12397,49
zf12398,125
cz12399,51
zj12400,165
oo12401,136
zv12402,147
re12403,20
wi12404,98
qk12405,75
gi12406,106
rd12407,157
co12408,154
dc12409,60
tj12410,182
xl12411,128
ok12412,196
je12413,190
ff12414,23
ss12415,71
wq12416,143
oe12417,63
fd12418,65
xv12419,115
su12420,79
zd12421,128
ch12422,133
co12423,198
ie12424,66
im12425,95
av12426,121
fs12427,198
wy12428,152
ua12429,88
fu12430,167
yq12431,83
vc12432,56
jg12433,193
sk12434,191
td12435,171
bx12436,78
qc12437,87
aj12438,151
oj12439,132
jz12440,35
co12441,8
mo12442,73
yw12443,59
rv12444,119
rh12445,110
ja12446,12
pi12447,150
na12448,25
tb12449,119
hy12450,125
dh12451,93
ky12452,33
vz12453,120
bl12454,155
bm12455,49
gv12456,72
ba12457,11
zl12458,70
rs12459,3
ij12460,62
tb12461,83
qj12462,45
wt12463,135
da12464,29
ek12465,144
ov12466,132
sj12467,49
yk12468,183
vq12469,67
gq12470,42
li12471,28
qu12472,149
zl12473,185
da12474,168
fw12475,192
nr12476,70
ir12477,20
wj12478,73
my12479,100
pq12480,37
fw12481,80
nk12482,67
zb12483,11
yp12484,76
vk12485,187
jx12486,163
lo12487,134
kt12488,197
uc12489,131
pj12490,57
cr12491,85
cl12492,181
vq12493,32
sq12494,37
me12495,185
aa12496,151
uz12497,177
fi12498,84
dm12499,17
jb12500,44
ks12501,53
um12502,65
vq12503,111
dh12504,57
qj12505,174
ei12506,172
sz12507,194
mf12508,53
ik12509,49
hk12510,192
de12511,116
qq12512,185
vt12513,98
rj12514,200
ps12515,39
jd12516,39
pw12517,5
oh12518,6
iv12519,56
yr12520,194
ai12521,7
ly12522,100
st12523,2
ur12524,45
mn12525,52
ox12526,104
my12527,116
jj12528,191
yn12529,105
lu12530,33
om12531,173
ae12532,149
gx12533,16
ib12534,139
bt12535,83
xt12536,39
kn12537,175
hu12538,62
dq12539,74
xk12540,29
ai12541,125
yb12542,91
ug12543,148
gd12544,191
oy12545,119
yk12546,88
aj12547,80
lm12548,145
cy12549,127
wp12550,58
em12551,133
dk12552,120
sn12553,97
et12554,130
jv12555,54
ob12556,77
vl12557,135
ko12558,165
mz12559,157
px12560,10
hk12561,26
nt12562,28
zz12563,138
yk12564,56
el12565,186
as12566,91
tp12567,36
rj12568,44
sh12569,128
vv12570,71
tm12571,191
xa12572,93
xk12573,118
kr12574,82
rb12575,169
ek12576,145
sa12577,160
bd12578,110
jz12579,110
ej12580,1
ey12581,195
mj12582,169
kk12583,184
yv12584,127
cs12585,166
vc12586,149
tn12587,197
dp12588,40
ma12589,30
pz12590,177
kq12591,165
ts12592,196
md12593,20
mc12594,111
tw12595,62
bb12596,136
id12597,128
xn12598,181
kw12599,146
yq12600,155
qc12601,131
uq12602,190
ta12603,21
jq12604,142
ji12605,54
mi12606,71
zq12607,70
bc12608,134
ow12609,181
ib12610,101
gl12611,198
qx12612,31
ps12613,109
yk12614,114
uj12615,142
ch12616,26
me12617,185
mk12618,108
vv12619,63
nh12620,112
vg12621,68
lr12622,172
ib12623,165
bk12624,83
zv12625,177
cp12626,108
bp12627,118
wq12628,102
ux12629,69
um12630,42
wq12631,109
yk12632,160
mh12633,9
wb12634,106
au12635,17
ig12636,108
yw12637,106
wg12638,83
gb12639,135
jf12640,91
ky12641,108
zq12642,89
sb12643,117
je12644,72
sv12645,93
kr12646,166
jb12647,200
ru12648,112
ro12649,68
cq12650,91
ir12651,138
sw12652,21
wl12653,73
av12654,158
wb12655,45
zp12656,52
xi12657,28
gq12658,197
zb12659,195
ha12660,70
ll12661,46
qm12662,40
eo12663,0
dt12664,140
qr12665,146
vl12666,28
iq12667,173
mx12668,12
pp12669,75
mv12670,176
qi12671,8
gy12672,188
fb12673,38
bi12674,107
xa12675,11
gy12676,92
ye12677,5
fg12678,139
qd12679,21
yi12680,120
ti12681,121
zo12682,183
sr12683,34
fx12684,88
cg12685,181
lc12686,8
lf12687,157
hm12688,123
yc12689,110
wr12690,132
jw12691,167
xf12692,184
sp12693,164
na12694,129
tp12695,136
cp12696,125
on12697,97
qy12698,73
sy12699,138
ec12700,114
ti12701,62
pw12702,75
fk12703,104
pw12704,152
ec12705,86
sg12706,126
qc12707,104
zz12708,128
yo12709,39
bj12710,122
nh12711,173
vj12712,3
fa12713,161
gv12714,3
rj12715,96
si12716,94
xw12717,149
jg12718,36
lp12719,18
yj12720,69
ov12721,51
nj12722,91
zz12723,21
zs12724,195
cs12725,68
be12726,143
yd12727,186
ks12728,90
mm12729,71
tl12730,178
xc12731,104
iw12732,132
bx12733,66
lm12734,47
tb12735,71
je12736,183
ka12737,76
bq12738,171
np12739,70
cq12740,69
se12741,14
vc12742,64
gs12743,143
wa12744,101
aq12745,52
us12746,123
us12747,130
aw12748,64
ep12749,92
yc12750,113
cn12751,37
en12752,99
br12753,77
gq12754,68
fl12755,167
am12756,6
cy12757,114
tm12758,171
sk12759,62
wp12760,140
te12761,8
vl12762,168
sd12763,5
yw12764,91
rb12765,157
sw12766,18
ty12767,53
pt12768,61
tt12769,88
mk12770,144
cx12771,48
wm12772,116
un12773,131
bt12774,41
vw12775,124
nx12776,2
yd12777,31
sl12778,200
or12779,48
lp12780,131
ad12781,123
xg12782,10
mi12783,75
rm12784,24
cv12785,3
at12786,127
xb12787,142
jp12788,9
mh12789,199
lp12790,31
pb12791,107
bc12792,8
gx12793,151
tj12794,150
bo12795,182
co12796,61
sm12797,52
gd12798,99
dc12799,198
uo12800,81
im12801,2
be12802,54
fl12803,33
ug12804,20
ld12805,46
aj12806,42
uz12807,86
uw12808,170
zh12809,13
lr12810,84
st12811,135
dj12812,18
th12813,73
ha12814,172
ta12815,182
eh12816,83
qf12817,110
oo12818,5
rm12819,164
lo12820,37
dv12821,160
ju12822,83
nz12823,113
wz12824,69
um12825,76
vb12826,115
cg12827,86
qw12828,73
pn12829,194
nt12830,164
sp12831,114
jg12832,130
nl12833,151
dh12834,8
tl12835,186
ro12836,92
wd12837,55
ec12838,166
ht12839,147
rm12840,89
td12841,171
rp12842,122
il12843,197
mk12844,66
yw12845,5
sl12846,75
hk12847,33
vr12848,148
dl12849,189
cw12850,164
qe12851,15
iv12852,103
qf12853,23
nh12854,148
us12855,200
jr12856,197
hc12857,117
ak12858,139
jc12859,52
wi12860,14
hk12861,121
xt12862,197
na12863,82
eq12864,56
kv12865,105
sc12866,198
iy12867,5
jy12868,107
hz12869,100
vy12870,93
nn12871,42
ku12872,170
yb12873,198
db12874,20
lk12875,134
sc12876,135
kn12877,176
sv12878,116
lv12879,91
wa12880,153
fp12881,185
iz12882,150
dt12883,176
jt12884,74
ao12885,18
dv12886,113
el12887,62
jq12888,157
tp12889,87
wr12890,128
yn12891,60
li12892,176
pt12893,5
kr12894,16
us12895,29
nv12896,161
vy12897,64
rk12898,150
jl12899,1
zg12900,65
ok12901,115
cv12902,93
uz12903,187
ai12904,24
yb12905,191
ow12906,128
bu12907,161
nl12908,197
ul12909,192
se12910,144
ib12911,142
sf12912,182
kc12913,179
df12914,188
ix12915,111
qt12916,129
dg12917,169
je12918,45
ag12919,27
kg12920,194
bf12921,68
cb12922,196
if12923,82
sy12924,118
gn12925,175
cg12926,188
wh12927,55
ty12928,46
qp12929,89
wm12930,122
cz12931,124
yh12932,163
ir12933,100
hc12934,75
ge12935,174
kh12936,22
ng12937,51
ik12938,176
py12939,70
ow12940,117
yl12941,26
gw12942,19
lr12943,22
wq12944,57
ok12945,168
gr12946,41
zz12947,48
ha12948,177
xb12949,123
hm12950,192
dq12951,53
bk12952,40
tp12953,8
wd12954,177
cy12955,115
lp12956,115
mp12957,121
pr12958,8
pm12959,194
wj12960,197
qu12961,28
so12962,152
vs12963,118
nc12964,85
px12965,52
eg12966,58
st12967,52
np12968,17
of12969,19
vt12970,150
oh12971,172
ob12972,96
hi12973,42
fa12974,183
mm12975,49
qn12976,94
yg12977,54
ol12978,126
vn12979,111
ty12980,76
vb12981,92
fe12982,180
sj12983,63
ys12984,141
ip12985,153
cu12986,22
fi12987,136
mz12988,8
yh12989,3
kr12990,160
sp12991,129
av12992,136
qi12993,107
po12994,100
xz12995,124
rl12996,175
hk12997,172
rj12998,143
xj12999,7
aj13000,112
gs13000,100
,
,
,
,
,
,
,
,
,
,
,
,
,
,
,
,
,
,
,
,
,
,
,
,
,
,
,
,
,
,
,
,
,
,
,
,
,
,
,
,
,
,
,
,
,
,
,
,
,
,
,
,
,
,
,
,
,
,
,
,
,
,
,
,
,
,
,
,
,
,
,
,
,
,
,
,
,
,
,
,
,
,
,
,
,
,
,
,
,
,
,
,
,
,
,
,
,
,
,
,
,
,
,
,
,
,
,
,
,
,
,
,
,
,
,
,
,
,
,
,
,
,
,
,
,
,
,
,
,
,
,
,
,
,
,
,
,
,
,
,
,
,
,
,
,
,
,
,
,
,
,
,
,
,
,
,
,
,
,
,
,
,
,
,
,
,
,
,
,
,
,
,
,
,
,
,
,
,
,
,
,
,
,
,
,
,
,
,
,
,
,
,
,
,
,
,
,
,
,
,
,
,
,
,
,
,
,
,
,
,
,
,
,
,
,
,
,
,
,
,
,
,
,
,
,
,
,
,
,
,
,
,
,
,
,
,
,
,
,
,
,
,
,
,
,
,
,
,
,
,
,
,
,
,
,
,
,
,
,
,
,
,
,
,
,
,
,
,
,
,
,
,
,
,
,
,
,
,
,
,
,
,
,
,
,
,
,
,
,
,
,
,
,
,
,
,
,
,
,
,
,
,
,
,
,
,
,
,
,
,
,
,
,
,
,
,
,
,
,
,
,
,
,
,
,
,
,
,
,
,
,
,
,
,
,
,
,
,
,
,
,
,
,
,
,
,
,
,
,
,
,
,
,
,
,
,
,
,
,
,
,
,
,
,
,
,
,
,
,
,
,
,
,
,
,
,
,
,
,
,
,
,
,
,
,
,
,
,
,
,
,
,
,
,
,
,
,
,
,
,
,
,
,
,
,
,
,
,
,
,
,
,
,
,
,
,
,
,
,
,
,
,
,
,
,
,
,
,
,
,
,
,
,
,
,
,
,
,
,
,
,
,
,
,
,
,
,
,
,
,
,
,
,
,
,
,
,
,
,
,
,
,
,
,
,
,
,
,
,
,
,
,
,
,
,
,
,
,
,
,
,
,
,
,
,
,
,
,
,
,
,
,
,
,
,
,
,
,
,
,
,
,
,
,
,
,
,
,
,
,
,
,
,
,
,
,
,
,
,
,
,
,
,
,
,
,
,
,
,
,
,
,
,
,
,
,
,
,
,
,
,
,
,
,
,
,
,
,
,
,
,
,
,
,
,
,
,
,
,
,
,
,
,
,
,
,
,
,
,
,
,
,
,
,
,
,
,
,
,
,
,
,
,
,
,
,
,
,
,
,
,
,
,
,
,
,
,
,
,
,
,
,
,
,
,
,
,
,
,
,
,
,
,
,
,
,
,
,
,
,
,
,
,
,
,
,
,
,
,
,
,
,
,
,
,
,
,
,
,
,
,
,
,
,
,
,
,
,
,
,
,
,
,
,
,
,
,
,
,
,
,
,
,
,
,
,
,
,
,
,
,
,
,
,
,
,
,
,
,
,
,
,
,
,
,
,
,
,
,
,
,
,
,
,
,
,
,
,
,
,
,
,
,
,
,
,
,
,
,
,
,
,
,
,
,
,
,
,
,
,
,
,
,
,
,
,
,
,
,
,
,
,
,
,
,
,
,
,
,
,
,
,
,
,
,
,
,
,
,
,
,
,
,
,
,
,
,
,
,
,
,
,
,
,
,
,
,
,
,
,
,
,
,
,
,
,
,
,
,
,
,
,
,
,
,
,
,
,
,
,
,
,
,
,
,
,
,
,
,
,
,
,
,
,
,
,
,
,
,
,
,
,
,
,
,
,
,
,
,
,
,
,
,
,
,
,
,
,
,
,
,
,
,
,
,
,
,
,
,
,
,
,
,
,
,
,
,
,
,
,
,
,
,
,
,
,
,
,
,
,
,
,
,
,
,
,
,
,
,
,
,
,
,
,
,
,
,
,
,
,
,
,
,
,
,
,
,
,
,
,
,
,
,
,
,
,
,
,
,
,
,
,
,
,
,
,
,
,
,
,
,
,
,
,
,
,
,
,
,
,
,
,
,
,
,
,
,
,
,
,
,
,
,
,
,
,
,
,
,
,
,
,
,
,
,
,
,
,
,
,
,
,
,
,
,
,
,
,
,
,
,
,
,
,
,
,
,
,
,
,
,
,
,
,
,
,
,
,
,
,
,
,
,
,
,
,
,
,
,
,
,
,
,
,
,
,
,
,
,
,
,
,
,
,
,
,
,
,
,
,
,
,
,
,
,
,
,
,
,
,
,
,
,
,
,
,
,
,
,
,
,
,
,
,
,
,
,
,
,
,
,
,
,
,
,
,
,
,
,
,
,
,
,
,
,
,
,
,
,
,
,
,
,
,
,
,
,
,
,
,
,
,
,
,
,
,
,
,
,
,
,
,
,
,
,
,
,
,
,
,
,
,
,
,
,
,
,
,
,
,
,
,
,
,
,
,
,
,
,
,
,
,
,
,
,
,
,
,
,
,
,
,
,
,
,
,
,
,
,
,
,
,
,
,
,
,
,
,
,
,
,
,
,
,
,
,
,
,
,
,
,
,
,
,
,
,
,
,
,
,
,
,
,
,
,
,
,
,
,
,
,
,
,
,
,
,
,
,
,
,
,
,
,
,
,
,
,
,
,
,
,
,
,
,
,
,
,
,
,
,
,
,
,
,
,
,
,
,
,
,
,
,
,
,
,
,
,
,
,
,
,
,
,
,
,
,
,
,
,
,
,
,
,
,
,
,
,
,
,
,
,
,
,
,
,
,
,
,
,
,
,
,
,
,
,
,
,
,
,
,
,
,
,
,
,
,
,
,
,
,
,
,
,
,
,
,
,
,
,
,
,
,
,
,
,
,
,
,
,
,
,
,
,
,
,
,
,
,
,
,
,
,
,
,
,
,
,
,
,
,
,
,
,
,
,
,
,
,
,
,
,
,
,
,
,
,
,
,
,
,
,
,
,
,
,
,
,
,
,
,
,
,
,
,
,
,
,
,
,
,
,
,
,
,
,
,
,
,
,
,
,
,
,
,
,
,
,
,
,
,
,
,
,
,
,
,
,
,
,
,
,
,
,
,
,
,
,
,
,
,
,
,
,
,
,
,
,
,
,
,
,
,
,
,
,
,
,
,
,
,
,
,
,
,
,
,
,
,
,
,
,
,
,
,
,
,
,
,
,
,
,
,
,
,
,
,
,
,
,
,
,
,
,
,
,
,
,
,
,
,
,
,
,
,
,
,
,
,
,
,
,
,
,
,
,
,
,
,
,
,
,
,
,
,
,
,
,
,
,
,
,
,
,
,
,
,
,
,
,
,
,
,
,
,
,
,
,
,
,
,
,
,
,
,
,
,
,
,
,
,
,
,
,
,
,
,
,
,
,
,
,
,
,
,
,
,
,
,
,
,
,
,
,
,
,
,
,
,
,
,
,
,
,
,
,
,
,
,
,
,
,
,
,
,
,
,
,
,
,
,
,
,
,
,
,
,
,
,
,
,
,
,
,
,
,
,
,
,
,
,
,
,
,
,
,
,
,
,
,
,
,
,
,
,
,
,
,
,
,
,
,
,
,
,
,
,
,
,
,
,
,
,
,
,
,
,
,
,
,
,
,
,
,
,
,
,
,
,
,
,
,
,
,
,
,
,
,
,
,
,
,
,
,
,
,
,
,
,
,
,
,
,
,
,
,
,
,
,
,
,
,
,
,
,
,
,
,
,
,
,
,
,
,
,
,
,
,
,
,
,
,
,
,
,
,
,
,
,
,
,
,
,
,
,
,
,
,
,
,
,
,
,
,
,
,
,
,
,
,
,
,
,
,
,
,
,
,
,
,
,
,
,
,
,
,
,
,
,
,
,
,
,
,
,
,
,
,
,
,
,
,
,
,
,
,
,
,
,
,
,
,
,
,
,
,
,
,
,
,
,
,
,
,
,
,
,
,
,
,
,
,
,
,
,
,
,
,
,
,
,
,
,
,
,
,
,
,
,
,
,
,
,
,
,
,
,
,
,
,
,
,
,
,
,
,
,
,
,
,
,
,
,
,
,
,
,
,
,
,
,
,
,
,
,
,
,
,
,
,
,
,
,
,
,
,
,
,
,
,
,
,
,
,
,
,
,
,
,
,
,
,
,
,
,
,
,
,
,
,
,
,
,
,
,
,
,
,
,
,
,
,
,
,
,
,
,
,
,
,
,
,
,
,
,
,
,
,
,
,
,
,
,
,
,
,
,
,
,
,
,
,
,
,
,
,
,
,
,
,
,
,
,
,
,
,
,
,
,
,
,
,
,
,
,
,
,
,
,
,
,
,
,
,
,
,
,
,
,
,
,
,
,
,
,
,
,
,
,
,
,
,
,
,
,
,
,
,
,
,
,
,
,
,
,
,
,
,
,
,
,
,
,
,
,
,
,
,
,
,
,
,
,
,
,
,
,
,
,
,
,
,
,
,
,
,
,
,
,
,
,
,
,
,
,
,
,
,
,
,
,
,
,
,
,
,
,
,
,
,
,
,
,
,
,
,
,
,
,
,
,
,
,
,
,
,
,
,
,
,
,
,
,
,
,
,
,
,
,
,
,
,
,
,
,
,
,
,
,
,
,
,
,
,
,
,
,
,
,
,
,
,
,
,
,
,
,
,
,
,
,
,
,
,
,
,
,
,
,
,
,
,
,
,
,
,
,
,
,
,
,
,
,
,
,
,
,
,
,
,
,
,
,
,
,
,
,
,
,
,
,
,
,
,
,
,
,
,
,
,
,
,
,
,
,
,
,
,
,
,
,
,
,
,
,
,
,
,
,
,
,
,
,
,
,
,
,
,
,
,
,
,
,
,
,
,
,
,
,
,
,
,
,
,
,
,
,
,
,
,
,
,
,
,
,
,
,
,
,
,
,
,
,
,
,
,
,
,
,
,
,
,
,
,
,
,
,
,
,
,
,
,
,
,
,
,
,
,
,
,
,
,
,
,
,
,
,
,
,
,
,
,
,
,
,
,
,
,
,
,
,
,
,
,
,
,
,
,
,
,
,
,
,
,
,
,
,
,
,
,
,
,
,
,
,
,
,
,
,
,
,
,
,
,
,
,
,
,
,
,
,
,
,
,
,
,
,
,
,
,
,
,
,
,
,
,
,
,
,
,
,
,
,
,
,
,
,
,
,
,
,
,
,
,
,
,
,
,
,
,
,
,
,
,
,
,
,
,
,
,
,
,
,
,
,
,
,
,
,
,
,
,
,
,
,
,
,
,
,
,
,
,
,
,
,
,
,
,
,
,
,
,
,
,
,
,
,
,
,
,
,
,
,
,
,
,
,
,
,
,
,
,
,
,
,
,
,
,
,
,
,
,
,
,
,
,
,
,
,
,
,
,
,
,
,
,
,
,
,
,
,
,
,
,
,
,
,
,
,
,
,
,
,
,
,
,
,
,
,
,
,
,
,
,
,
,
,
,
,
,
,
,
,
,
,
,
,
,
,
,
,
,
,
,
,
,
,
,
,
,
,
,
,
,
,
,
,
,
,
,
,
,
,
,
,
,
,
,
,
,
,
,
,
,
,
,
,
,
,
,
,
,
,
,
,
,
,
,
,
,
,
,
,
,
,
,
,
,
,
,
,
,
,
,
,
,
,
,
,
,
,
,
,
,
,
,
,
,
,
,
,
,
,
,
,
,
,
,
,
,
,
,
,
,
,
,
,
,
,
,
,
,
,
,
,
,
,
,
,
,
,
,
,
,
,
,
,
,
,
,
,
,
,
,
,
,
,
,
,
,
,
,
,
,
,
,
,
,
,
,
,
,
,
,
,
,
,
,
,
,
,
,
,
,
,
,
,
,
,
,
,
,
,
,
,
,
,
,
,
,
,
,
,
,
,
,
,
,
,
,
,
,
,
,
,
,
,
,
,
,
,
,
,
,
,
,
,
,
,
,
,
,
,
,
,
,
,
,
,
,
,
,
,
,
,
,
,
,
,
,
,
,
,
,
,
,
,
,
,
,
,
,
,
,
,
,
,
,
,
,
,
,
,
,
,
,
,
,
,
,
,
,
,
,
,
,
,
,
,
,
,
,
,
,
,
,
,
,
,
,
,
,
,
,
,
,
,
,
,
,
,
,
,
,
,
,
,
,
,
,
,
,
,
,
,
,
,
,
,
,
,
,
,
,
,
,
,
,
,
,
,
,
,
,
,
,
,
,
,
,
,
,
,
,
,
,
,
,
,
,
,
,
,
,
,
,
,
,
,
,
,
,
,
,
,
,
,
,
,
,
,
,
,
,
,
,
,
,
,
,
,
,
,
,
,
,
,
,
,
,
,
,
,
,
,
,
,
,
,
,
,
,
,
,
,
,
,
,
,
,
,
,
,
,
,
,
,
,
,
,
,
,
,
,
,
,
,
,
,
,
,
,
,
,
,
,
,
,
,
,
,
,
,
,
,
,
,
,
,
,
,
,
,
,
,
,
,
,
,
,
,
,
,
,
,
,
,
,
,
,
,
,
,
,
,
,
,
,
,
,
,
,
,
,
,
,
,
,
,
,
,
,
,
,
,
,
,
,
,
,
,
,
,
,
,
,
,
,
,
,
,
,
,
,
,
,
,
,
,
,
,
,
,
,
,
,
,
,
,
,
,
,
,
,
,
,
,
,
,
,
,
,
,
,
,
,
,
,
,
,
,
,
,
,
,
,
,
,
,
,
,
,
,
,
,
,
,
,
,
,
,
,
,
,
,
,
,
,
,
,
,
,
,
,
,
,
,
,
,
,
,
,
,
,
,
,
,
,
,
,
,
,
,
,
,
,
,
,
,
,
,
,
,
,
,
,
,
,
,
,
,
,
,
,
,
,
,
,
,
,
,
,
,
,
,
,
,
,
,
,
,
,
,
,
,
,
,
,
,
,
,
,
,
,
,
,
,
,
,
,
,
,
,
,
,
,
,
,
,
,
,
,
,
,
,
,
,
,
,
,
,
,
,
,
,
,
,
,
,
,
,
,
,
,
,
,
,
,
,
,
,
,
,
,
,
,
,
,
,
,
,
,
,
,
,
,
,
,
,
,
,
,
,
,
,
,
,
,
,
,
,
,
,
,
,
,
,
,
,
,
,
,
,
,
,
,
,
,
,
,
,
,
,
,
,
,
,
,
,
,
,
,
,
,
,
,
,
,
,
,
,
,
,
,
,
,
,
,
,
,
,
,
,
,
,
,
,
,
,
,
,
,
,
,
,
,
,
,
,
,
,
,
,
,
,
,
,
,
,
,
,
,
,
,
,
,
,
,
,
,
,
,
,
,
,
,
,
,
,
,
,
,
,
,
,
,
,
,
,
,
,
,
,
,
,
,
,
,
,
,
,
,
,
,
,
,
,
,
,
,
,
,
,
,
,
,
,
,
,
,
,
,
,
,
,
,
,
,
,
,
,
,
,
,
,
,
,
,
,
,
,
,
,
,
,
,
,
,
,
,
,
,
,
,
,
,
,
,
,
,
,
,
,
,
,
,
,
,
,
,
,
,
,
,
,
,
,
,
,
,
,
,
,
,
,
,
,
,
,
,
,
,
,
,
,
,
,
,
,
,
,
,
,
,
,
,
,
,
,
,
,
,
,
,
,
,
,
,
,
,
,
,
,
,
,
,
,
,
,
,
,
,
,
,
,
,
,
,
,
,
,
,
,
,
,
,
,
,
,
,
,
,
,
,
,
,
,
,
,
,
,
,
,
,
,
,
,
,
,
,
,
,
,
,
,
,
,
,
,
,
,
,
,
,
,
,
,
,
,
,
,
,
,
,
,
,
,
,
,
,
,
,
,
,
,
,
,
,
,
,
,
,
,
,
,
,
,
,
,
,
,
,
,
,
,
,
,
,
,
,
,
,
,
,
,
,
,
,
,
,
,
,
,
,
,
,
,
,
,
,
,
,
,
,
,
,
,
,
,
,
,
,
,
,
,
,
,
,
,
,
,
,
,
,
,
,
,
,
,
,
,
,
,
,
,
,
,
,
,
,
,
,
,
,
,
,
,
,
,
,
,
,
,
,
,
,
,
,
,
,
,
,
,
,
,
,
,
,
,
,
,
,
,
,
,
,
,
,
,
,
,
,
,
,
,
,
,
,
,
,
,
,
,
,
,
,
,
,
,
,
,
,
,
,
,
,
,
,
,
,
,
,
,
,
,
,
,
,
,
,
,
,
,
,
,
,
,
,
,
,
,
,
,
,
,
,
,
,
,
,
,
,
,
,
,
,
,
,
,
,
,
,
,
,
,
,
,
,
,
,
,
,
,
,
,
,
,
,
,
,
,
,
,
,
,
,
,
,
,
,
,
,
,
,
,
,
,
,
,
,
,
,
,
,
,
,
,
,
,
,
,
,
,
,
,
,
,
,
,
,
,
,
,
,
,
,
,
,
,
,
,
,
,
,
,
,
,
,
,
,
,
,
,
,
,
,
,
,
,
,
,
,
,
,
,
,
,
,
,
,
,
,
,
,
,
,
,
,
,
,
,
,
,
,
,
,
,
,
,
,
,
,
,
,
,
,
,
,
,
,
,
,
,
,
,
,
,
,
,
,
,
,
,
,
,
,
,
,
,
,
,
,
,
,
,
,
,
,
,
,
,
,
,
,
,
,
,
,
,
,
,
,
,
,
,
,
,
,
,
,
,
,
,
,
,
,
,
,
,
,
,
,
,
,
,
,
,
,
,
,
,
,
,
,
,
,
,
,
,
,
,
,
,
,
,
,
,
,
,
,
,
,
,
,
,
,
,
,
,
,
,
,
,
,
,
,
,
,
,
,
,
,
,
,
,
,
,
,
,
,
,
,
,
,
,
,
,
,
,
,
,
,
,
,
,
,
,
,
,
,
,
,
,
,
,
,
,
,
,
,
,
,
,
,
,
,
,
,
,
,
,
,
,
,
,
,
,
,
,
,
,
,
,
,
,
,
,
,
,
,
,
,
,
,
,
,
,
,
,
,
,
,
,
,
,
,
,
,
,
,
,
,
,
,
,
,
,
,
,
,
,
,
,
,
,
,
,
,
,
,
,
,
,
,
,
,
,
,
,
,
,
,
,
,
,
,
,
,
,
,
,
,
,
,
,
,
,
,
,
,
,
,
,
,
,
,
,
,
,
,
,
,
,
,
,
,
,
,
,
,
,
,
,
,
,
,
,
,
,
,
,
,
,
,
,
,
,
,
,
,
,
,
,
,
,
,
,
,
,
,
,
,
,
,
,
,
,
,
,
,
,
,
,
,
,
,
,
,
,
,
,
,
,
,
,
,
,
,
,
,
,
,
,
,
,
,
,
,
,
,
,
,
,
,
,
,
,
,
,
,
,
,
,
,
,
,
,
,
,
,
,
,
,
,
,
,
,
,
,
,
,
,
,
,
,
,
,
,
,
,
,
,
,
,
,
,
,
,
,
,
,
,
,
,
,
,
,
,
,
,
,
,
,
,
,
,
,
,
,
,
,
,
,
,
,
,
,
,
,
,
,
,
,
,
,
,
,
,
,
,
,
,
,
,
,
,
,
,
,
,
,
,
,
,
,
,
,
,
,
,
,
,
,
,
,
,
,
,
,
,
,
,
,
,
,
,
,
,
,
,
,
,
,
,
,
,
,
,
,
,
,
,
,
,
,
,
,
,
,
,
,
,
,
,
,
,
,
,
,
,
,
,
,
,
,
,
,
,
,
,
,
,
,
,
,
,
,
,
,
,
,
,
,
,
,
,
,
,
,
,
,
,
,
,
,
,
,
,
,
,
,
,
,
,
,
,
,
,
,
,
,
,
,
,
,
,
,
,
,
,
,
,
,
,
,
,
,
,
,
,
,
,
,
,
,
,
,
,
,
,
,
,
,
,
,
,
,
,
,
,
,
,
,
,
,
,
,
,
,
,
,
,
,
,
,
,
,
,
,
,
,
,
,
,
,
,
,
,
,
,
,
,
,
,
,
,
,
,
,
,
,
,
,
,
,
,
,
,
,
,
,
,
,
,
,
,
,
,
,
,
,
,
,
,
,
,
,
,
,
,
,
,
,
,
,
,
,
,
,
,
,
,
,
,
,
,
,
,
,
,
,
,
,
,
,
,
,
,
,
,
,
,
,
,
,
,
,
,
,
,
,
,
,
,
,
,
,
,
,
,
,
,
,
,
,
,
,
,
,
,
,
,
,
,
,
,
,
,
,
,
,
,
,
,
,
,
,
,
,
,
,
,
,
,
,
,
,
,
,
,
,
,
,
,
,
,
,
,
,
,
,
,
,
,
,
,
,
,
,
,
,
,
,
,
,
,
,
,
,
,
,
,
,
,
,
,
,
,
,
,
,
,
,
,
,
,
,
,
,
,
,
,
,
,
,
,
,
,
,
,
,
,
,
,
,
,
,
,
,
,
,
,
,
,
,
,
,
,
,
,
,
,
,
,
,
,
,
,
,
,
,
,
,
,
,
,
,
,
,
,
,
,
,
,
,
,
,
,
,
,
,
,
,
,
,
,
,
,
,
,
,
,
,
,
,
,
,
,
,
,
,
,
,
,
,
,
,
,
,
,
,
,
,
,
,
,
,
,
,
,
,
,
,
,
,
,
,
,
,
,
,
,
,
,
,
,
,
,
,
,
,
,
,
,
,
,
,
,
,
,
,
,
,
,
,
,
,
,
,
,
,
,
,
,
,
,
,
,
,
,
,
,
,
,
,
,
,
,
,
,
,
,
,
,
,
,
,
,
,
,
,
,
,
,
,
,
,
,
,
,
,
,
,
,
,
,
,
,
,
,
,
,
,
,
,
,
,
,
,
,
,
,
,
,
,
,
,
,
,
,
,
,
,
,
,
,
,
,
,
,
,
,
,
,
,
,
,
,
,
,
,
,
,
,
,
,
,
,
,
,
,
,
,
,
,
,
,
,
,
,
,
,
,
,
,
,
,
,
,
,
,
,
,
,
,
,
,
,
,
,
,
,
,
,
,
,
,
,
,
,
,
,
,
,
,
,
,
,
,
,
,
,
,
,
,
,
,
,
,
,
,
,
,
,
,
,
,
,
,
,
,
,
,
,
,
,
,
,
,
,
,
,
,
,
,
,
,
,
,
,
,
,
,
,
,
,
,
,
,
,
,
,
,
,
,
,
,
,
,
,
,
,
,
,
,
,
,
,
,
,
,
,
,
,
,
,
,
,
,
,
,
,
,
,
,
,
,
,
,
,
,
,
,
,
,
,
,
,
,
,
,
,
,
,
,
,
,
,
,
,
,
,
,
,
,
,
,
,
,
,
,
,
,
,
,
,
,
,
,
,
,
,
,
,
,
,
,
,
,
,
,
,
,
,
,
,
,
,
,
,
,
,
,
,
,
,
,
,
,
,
,
,
,
,
,
,
,
,
,
,
,
,
,
,
,
,
,
,
,
,
,
,
,
,
,
,
,
,
,
,
,
,
,
,
,
,
,
,
,
,
,
,
,
,
,
,
,
,
,
,
,
,
,
,
,
,
,
,
,
,
,
,
,
,
,
,
,
,
,
,
,
,
,
,
,
,
,
,
,
,
,
,
,
,
,
,
,
,
,
,
,
,
,
,
,
,
,
,
,
,
,
,
,
,
,
,
,
,
,
,
,
,
,
,
,
,
,
,
,
,
,
,
,
,
,
,
,
,
,
,
,
,
,
,
,
,
,
,
,
,
,
,
,
,
,
,
,
,
,
,
,
,
,
,
,
,
,
,
,
,
,
,
,
,
,
,
,
,
,
,
,
,
,
,
,
,
,
,
,
,
,
,
,
,
,
,
,
,
,
,
,
,
,
,
,
,
,
,
,
,
,
,
,
,
,
,
,
,
,
,
,
,
,
,
,
,
,
,
,
,
,
,
,
,
,
,
,
,
,
,
,
,
,
,
,
,
,
,
,
,
,
,
,
,
,
,
,
,
,
,
,
,
,
,
,
,
,
,
,
,
,
,
,
,
,
,
,
,
,
,
,
,
,
,
,
,
,
,
,
,
,
,
,
,
,
,
,
,
,
,
,
,
,
,
,
,
,
,
,
,
,
,
,
,
,
,
,
,
,
,
,
,
,
,
,
,
,
,
,
,
,
,
,
,
,
,
,
,
,
,
,
,
,
,
,
,
,
,
,
,
,
,
,
,
,
,
,
,
,
,
,
,
,
,
,
,
,
,
,
,
,
,
,
,
,
,
,
,
,
,
,
,
,
,
,
,
,
,
,
,
,
,
,
,
,
,
,
,
,
,
,
,
,
,
,
,
,
,
,
,
,
,
,
,
,
,
,
,
,
,
,
,
,
,
,
,
,
,
,
,
,
,
,
,
,
,
,
,
,
,
,
,
,
,
,
,
,
,
,
,
,
,
,
,
,
,
,
,
,
,
,
,
,
,
,
,
,
,
,
,
,
,
,
,
,
,
,
,
,
,
,
,
,
,
,
,
,
,
,
,
,
,
,
,
,
,
,
,
,
,
,
,
,
,
,
,
,
,
,
,
,
,
,
,
,
,
,
,
,
,
,
,
,
,
,
,
,
,
,
,
,
,
,
,
,
,
,
,
,
,
,
,
,
,
,
,
,
,
,
,
,
,
,
,
,
,
,
,
,
,
,
,
,
,
,
,
,
,
,
,
,
,
,
,
,
,
,
,
,
,
,
,
,
,
,
,
,
,
,
,
,
,
,
,
,
,
,
,
,
,
,
,
,
,
,
,
,
,
,
,
,
,
,
,
,
,
,
,
,
,
,
,
,
,
,
,
,
,
,
,
,
,
,
,
,
,
,
,
,
,
,
,
,
,
,
,
,
,
,
,
,
,
,
,
,
,
,
,
,
,
,
,
,
,
,
,
,
,
,
,
,
,
,
,
,
,
,
,
,
,
,
,
,
,
,
,
,
,
,
,
,
,
,
,
,
,
,
,
,
,
,
,
,
,
,
,
,
,
,
,
,
,
,
,
,
,
,
,
,
,
,
,
,
,
,
,
,
,
,
,
,
,
,
,
,
,
,
,
,
,
,
,
,
,
,
,
,
,
,
,
,
,
,
,
,
,
,
,
,
,
,
,
,
,
,
,
,
,
,
,
,
,
,
,
,
,
,
,
,
,
,
,
,
,
,
,
,
,
,
,
,
,
,
,
,
,
,
,
,
,
,
,
,
,
,
,
,
,
,
,
,
,
,
,
,
,
,
,
,
,
,
,
,
,
,
,
,
,
,
,
,
,
,
,
,
,
,
,
,
,
,
,
,
,
,
,
,
,
,
,
,
,
,
,
,
,
,
,
,
,
,
,
,
,
,
,
,
,
,
,
,
,
,
,
,
,
,
,
,
,
,
,
,
,
,
,
,
,
,
,
,
,
,
,
,
,
,
,
,
,
,
,
,
,
,
,
,
,
,
,
,
,
,
,
,
,
,
,
,
,
,
,
,
,
,
,
,
,
,
,
,
,
,
,
,
,
,
,
,
,
,
,
,
,
,
,
,
,
,
,
,
,
,
,
,
,
,
,
,
,
,
,
,
,
,
,
,
,
,
,
,
,
,
,
,
,
,
,
,
,
,
,
,
,
,
,
,
,
,
,
,
,
,
,
,
,
,
,
,
,
,
,
,
,
,
,
,
,
,
,
,
,
,
,
,
,
,
,
,
,
,
,
,
,
,
,
,
,
,
,
,
,
,
,
,
,
,
,
,
,
,
,
,
,
,
,
,
,
,
,
,
,
,
,
,
,
,
,
,
,
,
,
,
,
,
,
,
,
,
,
,
,
,
,
,
,
,
,
,
,
,
,
,
,
,
,
,
,
,
,
,
,
,
,
,
,
,
,
,
,
,
,
,
,
,
,
,
,
,
,
,
,
,
,
,
,
,
,
,
,
,
,
,
,
,
,
,
,
,
,
,
,
,
,
,
,
,
,
,
,
,
,
,
,
,
,
,
,
,
,
,
,
,
,
,
,
,
,
,
,
,
,
,
,
,
,
,
,
,
,
,
,
,
,
,
,
,
,
,
,
,
,
,
,
,
,
,
,
,
,
,
,
,
,
,
,
,
,
,
,
,
,
,
,
,
,
,
,
,
,
,
,
,
,
,
,
,
,
,
,
,
,
,
,
,
,
,
,
,
,
,
,
,
,
,
,
,
,
,
,
,
,
,
,
,
,
,
,
,
,
,
,
,
,
,
,
,
,
,
,
,
,
,
,
,
,
,
,
,
,
,
,
,
,
,
,
,
,
,
,
,
,
,
,
,
,
,
,
,
,
,
,
,
,
,
,
,
,
,
,
,
,
,
,
,
,
,
,
,
,
,
,
,
,
,
,
,
,
,
,
,
,
,
,
,
,
,
,
,
,
,
,
,
,
,
,
,
,
,
,
,
,
,
,
,
,
,
,
,
,
,
,
,
,
,
,
,
,
,
,
,
,
,
,
,
,
,
,
,
,
,
,
,
,
,
,
,
,
,
,
,
,
,
,
,
,
,
,
,
,
,
,
,
,
,
,
,
,
,
,
,
,
,
,
,
,
,
,
,
,
,
,
,
,
,
,
,
,
,
,
,
,
,
,
,
,
,
,
,
,
,
,
,
,
,
,
,
,
,
,
,
,
,
,
,
,
,
,
,
,
,
,
,
,
,
,
,
,
,
,
,
,
,
,
,
,
,
,
,
,
,
,
,
,
,
,
,
,
,
,
,
,
,
,
,
,
,
,
,
,
,
,
,
,
,
,
,
,
,
,
,
,
,
,
,
,
,
,
,
,
,
,
,
,
,
,
,
,
,
,
,
,
,
,
,
,
,
,
,
,
,
,
,
,
,
,
,
,
,
,
,
,
,
,
,
,
,
,
,
,
,
,
,
,
,
,
,
,
,
,
,
,
,
,
,
,
,
,
,
,
,
,
,
,
,
,
,
,
,
,
,
,
,
,
,
,
,
,
,
,
,
,
,
,
,
,
,
,
,
,
,
,
,
,
,
,
,
,
,
,
,
,
,
,
,
,
,
,
,
,
,
,
,
,
,
,
,
,
,
,
,
,
,
,
,
,
,
,
,
,
,
,
,
,
,
,
,
,
,
,
,
,
,
,
,
,
,
,
,
,
,
,
,
,
,
,
,
,
,
,
,
,
,
,
,
,
,
,
,
,
,
,
,
,
,
,
,
,
,
,
,
,
,
,
,
,
,
,
,
,
,
,
,
,
,
,
,
,
,
,
,
,
,
,
,
,
,
,
,
,
,
,
,
,
,
,
,
,
,
,
,
,
,
,
,
,
,
,
,
,
,
,
,
,
,
,
,
,
,
,
,
,
,
,
,
,
,
,
,
,
,
,
,
,
,
,
,
,
,
,
,
,
,
,
,
,
,
,
,
,
,
,
,
,
,
,
,
,
,
,
,
,
,
,
,
,
,
,
,
,
,
,
,
,
,
,
,
,
,
,
,
,
,
,
,
,
,
,
,
,
,
,
,
,
,
,
,
,
,
,
,
,
,
,
,
,
,
,
,
,
,
,
,
,
,
,
,
,
,
,
,
,
,
,
,
,
,
,
,
,
,
,
,
,
,
,
,
,
,
,
,
,
,
,
,
,
,
,
,
,
,
,
,
,
,
,
,
,
,
,
,
,
,
,
,
,
,
,
,
,
,
,
,
,
,
,
,
,
,
,
,
,
,
,
,
,
,
,
,
,
,
,
,
,
,
,
,
,
,
,
,
,
,
,
,
,
,
,
,
,
,
,
,
,
,
,
,
,
,
,
,
