item,itemcate,itemprice
ax10002,家具,23700
gr10003,家電,28200
nb10004,雑貨,26900
de10005,雑貨,4200
lg10006,家電,4700
vb10007,本,1381
jz10008,本,1751
gp10009,雑貨,7400
pz10010,食品,20400
da10011,家電,7400
ny10012,雑貨,10400
pd10013,衣料,21400
ig10014,雑貨,17300
fh10015,家電,6500
pe10016,家電,14500
he10017,本,1852
zr10018,雑貨,10700
xx10019,雑貨,22500
jb10020,食品,27400
qu10021,本,2250
zu10022,家具,24900
re10023,家具,20900
yl10024,雑貨,26900
ap10025,家電,4600
ed10026,食品,1700
ol10027,雑貨,2300
fv10028,雑貨,14000
gr10029,食品,25800
gb10030,家電,19000
sf10031,雑貨,21500
id10032,家具,5200
pg10033,家電,17200
pt10034,家具,11300
em10035,本,2467
ob10036,食品,9000
qt10037,本,1682
dr10038,食品,4100
np10039,衣料,22100
is10040,雑貨,18700
oo10041,食品,8300
sa10042,家電,18000
cz10043,食品,19100
eq10044,衣料,20700
da10045,家電,14600
pe10046,雑貨,5200
jy10047,食品,15700
ga10048,本,1843
yq10049,家電,19600
gh10050,衣料,17900
tf10051,家具,23800
oh10052,衣料,16900
cc10053,衣料,22100
vi10054,衣料,29600
za10055,衣料,5900
fj10056,本,910
bx10057,家電,18400
rp10058,食品,1200
he10059,家具,26100
bx10060,家具,10100
cl10061,家具,20700
qq10062,家電,24400
wc10063,食品,2400
zl10064,衣料,2000
in10065,食品,29800
bj10066,雑貨,18000
tl10067,雑貨,18700
wf10068,雑貨,3200
nb10069,家具,14400
mh10070,家具,14100
fh10071,食品,8700
rh10072,家具,8400
cy10073,衣料,12100
ny10074,本,1347
sc10075,家電,7800
bn10076,家具,5200
kc10077,食品,9400
yz10078,衣料,19900
bv10079,本,2034
kr10080,家具,21300
jg10081,食品,12100
rp10082,本,723
jj10083,雑貨,15400
ft10084,家具,23900
gq10085,家具,17400
om10086,衣料,27500
de10087,衣料,10000
xo10088,衣料,17700
yj10089,衣料,20800
tu10090,食品,23000
or10091,家電,14200
kt10092,家電,19400
ap10093,本,1586
mq10094,家電,25100
xb10095,本,1923
fl10096,衣料,16200
iy10097,本,2175
pc10098,衣料,10200
uy10099,雑貨,12500
bk10100,家具,8500
in10101,家具,14400
um10102,家電,17800
bu10103,衣料,3100
yl10104,雑貨,25400
ho10105,家具,25200
ip10106,雑貨,12700
fj10107,雑貨,15000
xi10108,家具,5600
fx10109,家電,10200
jl10110,衣料,20500
pf10111,家電,22600
pg10112,家具,16700
ru10113,衣料,13800
eb10114,家具,28600
ai10115,家電,11700
pj10116,衣料,29300
ko10117,家電,9800
bc10118,家具,23200
ox10119,本,1784
ay10120,家具,29300
kc10121,本,864
bj10122,家電,20000
sb10123,雑貨,24100
jl10124,本,1564
hf10125,食品,14600
sz10126,雑貨,6300
ct10127,本,877
fz10128,食品,9400
uh10129,本,1427
jm10130,本,1774
hj10131,家具,16900
ih10132,家電,7100
is10133,衣料,29100
kx10134,食品,4600
ok10135,食品,4200
tx10136,食品,21200
xo10137,本,1424
mf10138,家電,16200
cl10139,家具,9300
gu10140,本,1171
vh10141,家具,4600
uy10142,食品,21800
aq10143,雑貨,20700
id10144,雑貨,13400
vy10145,衣料,19800
hi10146,家具,17300
lu10147,本,2084
nk10148,雑貨,6700
ft10149,雑貨,20200
ut10150,食品,6900
wb10151,家電,13200
pa10152,家電,25200
ik10153,雑貨,19900
ip10154,家具,6400
ve10155,家電,13800
xa10156,家具,25500
xh10157,家電,13600
qn10158,本,647
pz10159,家電,22100
yu10160,食品,16600
bs10161,雑貨,16300
zv10162,家具,7000
jd10163,家電,16100
le10164,家具,26600
kq10165,家電,10800
lj10166,家電,15900
am10167,食品,24200
ja10168,家電,23300
bn10169,家電,9700
ap10170,雑貨,17700
ei10171,雑貨,25400
hd10172,食品,19600
qz10173,衣料,3900
tx10174,雑貨,26700
xj10175,家具,8300
rj10176,家電,18600
bb10177,家電,13800
vu10178,家電,23900
ig10179,家具,28600
lx10180,衣料,26700
af10181,衣料,23700
yi10182,衣料,18400
qe10183,雑貨,27400
td10184,衣料,17600
bz10185,家具,29000
ap10186,食品,27700
vx10187,本,1411
il10188,衣料,16800
wp10189,家具,13300
hw10190,家具,22000
aq10191,家具,12400
zh10192,衣料,4200
nv10193,家電,11500
xu10194,家電,24100
dx10195,衣料,25700
ve10196,家具,10700
na10197,食品,28300
wx10198,衣料,26400
wk10199,食品,14300
lx10200,家具,15200
bf10201,食品,3800
cx10202,家電,19900
it10203,衣料,3100
ai10204,本,1853
kl10205,衣料,17900
qa10206,家電,9200
rh10207,本,788
eu10208,家具,5500
zy10209,本,916
im10210,家具,22800
ia10211,家電,12800
cd10212,家具,28600
gq10213,雑貨,20300
wf10214,家電,22500
uo10215,雑貨,3800
vi10216,家具,13000
ti10217,雑貨,7100
lm10218,本,679
oi10219,雑貨,12500
dc10220,衣料,6600
gv10221,雑貨,11300
tr10222,家電,16700
tw10223,本,1506
he10224,家電,29000
pb10225,家電,19500
rx10226,本,2174
do10227,食品,6900
jr10228,雑貨,15900
ks10229,食品,20900
xy10230,本,1018
in10231,食品,13500
rj10232,雑貨,17200
ms10233,家電,28700
nt10234,家電,26400
dm10235,雑貨,14200
tb10236,雑貨,17200
gx10237,家具,13200
cx10238,家具,28000
jn10239,雑貨,24900
gi10240,食品,18400
pc10241,家電,20000
pt10242,衣料,17200
pq10243,衣料,23200
kt10244,雑貨,19300
uy10245,家電,28300
eo10246,家電,28900
pn10247,食品,1600
is10248,雑貨,9900
kg10249,家電,19600
fa10250,雑貨,17200
ph10251,家電,3800
ja10252,家具,4500
wq10253,家電,9500
um10254,家具,22100
bp10255,雑貨,6500
yf10256,食品,2400
oj10257,家電,13600
qg10258,食品,1600
xe10259,食品,13000
na10260,食品,23200
zu10261,家具,29200
ou10262,食品,6300
eu10263,家電,18000
mm10264,本,749
zp10265,食品,24800
ap10266,衣料,26900
gv10267,本,1051
xa10268,家電,14800
cz10269,家具,16400
ik10270,家電,1700
wf10271,衣料,21900
qr10272,家電,10300
mr10273,家電,10100
mq10274,衣料,13700
ft10275,家電,29400
jj10276,家具,23100
hy10277,食品,2400
re10278,雑貨,29500
ej10279,家具,8100
qz10280,家具,12000
pz10281,家具,29200
zi10282,食品,5400
hi10283,本,956
tv10284,家具,2400
bu10285,衣料,12300
nm10286,本,657
zw10287,衣料,19200
ej10288,家電,8600
ib10289,家電,6900
gz10290,本,1647
gg10291,家具,3500
jl10292,雑貨,5100
fq10293,本,1285
ev10294,食品,9900
oz10295,雑貨,11000
gr10296,家電,23300
wb10297,本,1454
wl10298,家具,29300
sk10299,家具,15500
nt10300,衣料,9300
hj10301,家具,26100
et10302,家電,9200
du10303,本,618
he10304,本,1672
ov10305,衣料,28400
ac10306,食品,29700
rh10307,衣料,29200
qn10308,雑貨,27400
uf10309,食品,9800
sc10310,雑貨,1300
kv10311,家電,26800
qe10312,家具,9000
wd10313,雑貨,19400
rq10314,雑貨,5100
jw10315,家具,29300
qz10316,雑貨,21500
le10317,本,612
lg10318,家電,27800
oo10319,本,2371
cp10320,衣料,29000
pt10321,家具,14000
nz10322,本,1842
il10323,雑貨,23500
ye10324,家電,5800
eu10325,家具,13200
ya10326,本,1089
ai10327,本,954
hx10328,衣料,4500
qx10329,雑貨,9500
mi10330,家電,28400
jp10331,家具,24800
gp10332,本,748
zn10333,雑貨,10400
pw10334,本,808
ji10335,家電,22500
gi10336,雑貨,23300
bf10337,家電,11000
sd10338,雑貨,6100
rw10339,家電,1600
nq10340,本,1661
np10341,本,1641
oo10342,家電,4000
on10343,家電,27900
zx10344,家電,13600
iu10345,雑貨,15200
dz10346,本,2314
fh10347,食品,9600
sn10348,家具,19200
xo10349,衣料,25000
kg10350,家電,23300
mo10351,衣料,21400
qm10352,家電,7300
yu10353,家具,18300
kj10354,家電,17700
pz10355,雑貨,13200
ip10356,衣料,16800
oy10357,食品,9400
ts10358,家電,24300
ru10359,家電,3000
hk10360,本,1951
iq10361,家電,19300
sx10362,食品,23200
nj10363,本,1030
uu10364,衣料,20300
zw10365,家具,15000
sl10366,衣料,19000
do10367,雑貨,11700
dg10368,本,2183
ga10369,本,873
ul10370,衣料,15100
km10371,雑貨,29900
np10372,衣料,5300
gu10373,食品,5000
dd10374,衣料,12000
lr10375,家具,10400
se10376,家電,29700
xn10377,本,1447
bs10378,本,803
wx10379,家電,14700
oo10380,雑貨,7700
ao10381,衣料,23700
pf10382,雑貨,13900
jj10383,家電,1600
wo10384,雑貨,15200
fz10385,雑貨,22100
gm10386,衣料,1300
nz10387,雑貨,24000
si10388,雑貨,14900
kk10389,家電,11600
xn10390,衣料,22000
pz10391,家具,16200
fv10392,雑貨,21000
rq10393,家具,14200
xt10394,家具,1300
ge10395,家具,17900
ov10396,本,1103
hm10397,雑貨,11500
dz10398,家電,11500
nv10399,本,719
uh10400,家電,12600
ev10401,食品,2900
ix10402,雑貨,29400
wl10403,家具,24500
qh10404,家電,19600
th10405,雑貨,23100
np10406,食品,15900
dl10407,食品,12200
we10408,雑貨,7300
uy10409,食品,29000
gg10410,衣料,24000
bd10411,雑貨,12900
kf10412,食品,11400
sl10413,家電,20900
ew10414,家電,5700
bv10415,衣料,10200
du10416,家電,20900
bs10417,食品,20700
fb10418,食品,26500
wg10419,本,1718
xa10420,家具,7700
nb10421,家具,6700
ao10422,食品,12900
wt10423,雑貨,27400
kr10424,食品,10100
oc10425,家具,18900
qw10426,雑貨,24800
aw10427,家電,22300
pj10428,食品,24200
se10429,家電,11200
py10430,本,1370
sq10431,食品,24300
ls10432,家具,3100
sh10433,本,1421
sq10434,雑貨,2000
mq10435,家電,20200
au10436,家具,26000
te10437,雑貨,22600
bv10438,本,1725
kx10439,衣料,28000
tr10440,衣料,22200
tb10441,食品,9800
wn10442,衣料,26900
hw10443,衣料,11400
rw10444,家具,26000
kj10445,本,606
ie10446,家電,23000
df10447,雑貨,15800
rs10448,雑貨,14100
ks10449,本,1277
ah10450,衣料,14800
jb10451,衣料,6400
kk10452,本,891
eu10453,衣料,23100
bi10454,家電,18600
eb10455,衣料,3800
hu10456,食品,23500
db10457,家具,29900
dc10458,家電,4900
nt10459,食品,24100
pv10460,本,1652
hw10461,食品,6700
qw10462,本,926
nx10463,衣料,18500
hx10464,家電,2800
dp10465,食品,13600
bl10466,家具,17700
lr10467,食品,12800
ao10468,衣料,24800
lc10469,衣料,22600
mm10470,雑貨,27100
ie10471,本,802
no10472,家電,23600
zb10473,衣料,17200
eu10474,家具,13000
jm10475,家具,24600
ym10476,家具,11500
bp10477,雑貨,12500
gn10478,食品,11200
it10479,衣料,14400
ck10480,家電,14100
ji10481,雑貨,3200
hc10482,衣料,1400
fi10483,家具,25500
jw10484,本,1707
jp10485,家具,4300
hb10486,食品,18800
xn10487,衣料,26400
ff10488,家具,1300
hs10489,家電,2200
uv10490,家具,29200
rv10491,家電,27700
mi10492,衣料,4500
qm10493,家具,12500
lw10494,雑貨,28900
ld10495,家具,14100
au10496,家電,9700
ma10497,衣料,27200
vs10498,雑貨,10700
up10499,衣料,21700
ca10500,本,1960
qw10501,家電,26500
zs10502,家電,21300
wc10503,本,1333
xf10504,家具,24500
so10505,雑貨,15600
js10506,家電,27200
ua10507,家具,7300
aq10508,本,2127
wq10509,雑貨,29800
gs10510,家電,13600
ng10511,雑貨,20300
ig10512,衣料,12400
si10513,家具,16300
bt10514,食品,16200
uf10515,雑貨,15100
pe10516,本,721
xd10517,本,1632
xt10518,食品,21500
ex10519,雑貨,4500
bt10520,衣料,21400
ya10521,食品,7300
zt10522,雑貨,5700
rd10523,衣料,17900
le10524,雑貨,22600
os10525,家具,28500
mf10526,衣料,12000
zd10527,家具,18800
hu10528,本,618
ci10529,家電,23800
tw10530,家具,15100
kt10531,衣料,21700
sb10532,家具,29600
fs10533,食品,23800
bo10534,食品,22900
cn10535,衣料,8100
ob10536,衣料,11500
ww10537,雑貨,20900
sg10538,雑貨,25400
jj10539,家具,2600
ji10540,本,727
kc10541,雑貨,20200
ou10542,食品,16000
mi10543,衣料,7300
ox10544,衣料,24100
zr10545,食品,20800
nn10546,衣料,11300
qc10547,食品,15600
aj10548,衣料,7900
hi10549,衣料,18600
ia10550,衣料,22200
en10551,衣料,19800
lh10552,食品,10900
me10553,家電,13700
ol10554,家具,22500
sq10555,家電,25900
vo10556,食品,15000
vm10557,食品,9500
sk10558,家電,8400
ta10559,雑貨,12000
dc10560,食品,10400
fz10561,家電,7600
wn10562,食品,13200
zf10563,家電,25500
ao10564,雑貨,12300
xh10565,雑貨,25100
do10566,雑貨,28700
qe10567,食品,3100
qe10568,雑貨,26700
cr10569,家具,17300
jj10570,食品,11300
sh10571,家具,14500
yo10572,本,2166
fy10573,雑貨,21500
av10574,衣料,4500
xw10575,家具,4200
id10576,本,2317
bt10577,食品,10600
rb10578,家電,22600
yf10579,本,2445
rw10580,本,1767
ix10581,本,1918
xh10582,家電,10200
yn10583,食品,15500
px10584,雑貨,11700
cg10585,食品,8200
fm10586,家具,9900
cv10587,衣料,1300
rt10588,雑貨,6100
lk10589,雑貨,17700
ga10590,本,1291
fv10591,家電,27600
cp10592,家具,20600
ub10593,家電,2900
qm10594,雑貨,27500
ez10595,食品,5700
as10596,家具,5100
iq10597,本,1337
id10598,食品,22400
uo10599,衣料,16200
nl10600,衣料,11700
wv10601,衣料,1700
vp10602,本,936
lo10603,家具,14600
ff10604,家電,29900
th10605,食品,17800
tr10606,雑貨,23500
ay10607,本,836
rr10608,食品,21700
cr10609,衣料,10100
cn10610,本,2349
pp10611,本,917
bi10612,衣料,24700
an10613,雑貨,26700
yt10614,家電,24400
pd10615,本,756
kb10616,雑貨,18900
dm10617,食品,26500
aj10618,衣料,11100
na10619,家具,2100
yn10620,家電,16800
wh10621,家具,22200
ri10622,衣料,18100
ot10623,食品,20800
wa10624,食品,11300
nj10625,家具,18700
ib10626,家具,9100
ce10627,雑貨,20300
ta10628,家具,8300
py10629,雑貨,12200
mv10630,衣料,17000
oz10631,家具,20000
ve10632,家具,5000
iw10633,家電,7300
wt10634,衣料,14200
ra10635,食品,29900
kw10636,雑貨,23600
ov10637,家電,8900
qh10638,衣料,14300
vt10639,家具,25100
pr10640,家具,7900
kg10641,家具,10600
zr10642,家電,12000
lg10643,衣料,20200
nl10644,本,1053
yv10645,衣料,28100
id10646,家電,3800
bu10647,衣料,25100
tp10648,衣料,14300
kg10649,家電,24300
lv10650,本,2079
qy10651,本,1031
dp10652,本,670
zt10653,家電,24800
al10654,家電,6900
ie10655,食品,10600
mr10656,衣料,27000
qs10657,家電,21400
gp10658,本,1053
zi10659,家電,19600
el10660,雑貨,13200
jh10661,衣料,20100
dm10662,家具,17000
wq10663,家具,25800
vb10664,家具,8700
zp10665,家電,29300
el10666,家電,28200
wl10667,家電,6000
tr10668,家電,7000
wi10669,家電,4600
cy10670,本,970
tn10671,食品,16900
rj10672,家具,20400
sg10673,食品,7400
wa10674,衣料,29500
ev10675,家具,19500
vo10676,食品,14000
iv10677,食品,27700
cc10678,雑貨,12100
et10679,雑貨,17300
iv10680,衣料,13900
rs10681,雑貨,29300
sp10682,家具,21900
kj10683,雑貨,13300
uk10684,雑貨,13000
km10685,本,1524
kr10686,衣料,12500
gw10687,雑貨,5900
cm10688,食品,5000
xi10689,本,1515
iq10690,衣料,29000
ue10691,本,1909
zm10692,家具,24600
xf10693,衣料,28000
py10694,本,861
ff10695,家電,14000
bx10696,家電,29700
bx10697,本,1944
it10698,衣料,24200
ki10699,家電,13100
oq10700,家具,26400
fd10701,衣料,11600
ze10702,本,2253
ro10703,家具,8900
hl10704,食品,10000
jz10705,家具,11900
ux10706,衣料,19300
wh10707,雑貨,14800
hy10708,家具,8500
hi10709,家電,2800
hb10710,家電,7200
fv10711,家具,16900
ad10712,家電,9500
tn10713,家具,14100
uw10714,家電,17100
qw10715,雑貨,20100
lt10716,食品,2400
bu10717,本,1624
iq10718,食品,13800
st10719,食品,4700
gc10720,本,1799
wo10721,雑貨,26400
up10722,家電,23200
wt10723,衣料,25600
ip10724,衣料,14100
sd10725,衣料,7400
uo10726,食品,13700
yy10727,食品,15100
hc10728,家具,2300
wt10729,食品,12800
gs10730,家電,16900
jr10731,衣料,24100
ag10732,雑貨,3600
mi10733,家具,27300
oj10734,家電,6500
pp10735,家電,4300
go10736,雑貨,19200
vf10737,家電,15200
cq10738,家電,12800
qq10739,家具,16200
et10740,家電,29900
od10741,家電,28100
nn10742,家電,26200
zq10743,雑貨,20900
ht10744,雑貨,10200
vz10745,衣料,6400
eh10746,食品,23600
ty10747,家具,16100
ue10748,家具,7400
ne10749,家電,19600
qc10750,雑貨,26900
ze10751,雑貨,19100
am10752,家具,12100
so10753,本,607
vz10754,家具,4100
af10755,家具,22600
dx10756,家電,22400
ik10757,家具,17900
bn10758,本,1430
wo10759,食品,27400
xz10760,雑貨,13700
pt10761,衣料,21000
qt10762,衣料,7400
sw10763,衣料,20000
rv10764,衣料,25500
nc10765,本,2215
zi10766,家具,20400
iv10767,衣料,8300
qy10768,本,607
bx10769,雑貨,10800
ei10770,食品,28900
uk10771,雑貨,8900
it10772,食品,10800
xw10773,本,1576
eo10774,家電,22600
ic10775,家具,8500
rp10776,食品,13700
wa10777,家電,4200
qv10778,雑貨,14600
sr10779,雑貨,21300
eo10780,家電,21100
mm10781,衣料,26500
fu10782,雑貨,17300
xq10783,食品,29700
ub10784,雑貨,22000
ww10785,食品,1600
sl10786,家具,21500
zx10787,家電,28000
mk10788,衣料,25700
li10789,家具,7700
uv10790,食品,14500
fg10791,家具,9000
fh10792,家具,16100
gj10793,食品,5900
np10794,雑貨,21100
mf10795,衣料,10000
nb10796,衣料,18100
gt10797,家具,8600
je10798,家具,15600
cq10799,食品,17400
yz10800,雑貨,17100
uu10801,衣料,8800
xc10802,本,1017
lm10803,食品,23700
fx10804,雑貨,11700
bx10805,本,1765
hi10806,本,1729
mb10807,家電,14800
nl10808,食品,20000
pv10809,食品,25900
ts10810,本,2103
ld10811,家電,23900
hw10812,家具,19100
qk10813,衣料,22000
ns10814,雑貨,8500
fm10815,家具,20400
lv10816,家電,4700
og10817,家具,21200
ig10818,家電,7100
cj10819,家電,27700
tr10820,家具,11500
bk10821,家具,9600
am10822,家電,9800
bt10823,家電,3100
vc10824,雑貨,7800
px10825,雑貨,29300
ye10826,家電,13200
oy10827,家具,14300
fj10828,家電,20700
nq10829,本,2451
rr10830,衣料,22000
dg10831,本,1376
sx10832,家電,16500
gl10833,雑貨,8800
zw10834,家電,16100
hn10835,食品,18500
ku10836,衣料,6500
qr10837,食品,18900
wy10838,家電,24400
rx10839,家電,2700
js10840,本,1520
ac10841,家電,13800
wj10842,衣料,1500
yc10843,本,1760
np10844,雑貨,27300
ov10845,衣料,4300
qa10846,本,1904
mq10847,家電,20300
cn10848,本,1036
kn10849,家電,3300
bb10850,衣料,17900
bq10851,雑貨,3300
rt10852,衣料,4600
al10853,本,2036
xq10854,家電,22100
gq10855,本,2088
oa10856,家電,11300
rm10857,家具,29400
mf10858,家具,3700
kh10859,本,2019
el10860,食品,7300
pq10861,本,963
wo10862,家電,7100
kh10863,食品,20900
sh10864,雑貨,4300
ok10865,家電,25900
yg10866,衣料,25000
hf10867,食品,25200
ho10868,本,2099
tm10869,家具,2600
jx10870,家具,12100
lj10871,家具,1900
da10872,本,1783
dz10873,食品,19400
wf10874,衣料,13700
mv10875,家電,4800
rs10876,雑貨,13700
zi10877,家電,21300
fc10878,衣料,3000
ys10879,本,1695
bb10880,食品,8200
ka10881,本,1590
rv10882,本,1959
jm10883,家具,26100
yp10884,本,1890
tn10885,本,2340
mq10886,食品,14700
av10887,家具,9900
qz10888,家電,22100
qw10889,食品,2600
kr10890,食品,28300
ma10891,本,1983
vt10892,家電,13500
ha10893,家具,12500
ja10894,家具,3200
ri10895,雑貨,24600
sm10896,衣料,9000
pr10897,家電,23800
pn10898,衣料,12100
qf10899,雑貨,1900
or10900,雑貨,23100
xi10901,家具,12700
gt10902,家具,19500
we10903,衣料,19200
dc10904,本,1013
ho10905,食品,25800
kk10906,本,930
wz10907,本,966
da10908,雑貨,5500
xz10909,本,1328
ov10910,本,2055
sz10911,雑貨,25400
zt10912,衣料,23800
jj10913,本,2280
gw10914,家電,13000
qo10915,雑貨,10100
ah10916,家具,11800
gc10917,衣料,6900
ua10918,食品,7200
bb10919,家電,28900
nf10920,衣料,7700
qr10921,衣料,15000
ra10922,雑貨,4700
ax10923,家具,22400
di10924,家電,21000
hh10925,雑貨,21500
oy10926,食品,12400
hj10927,雑貨,11200
mp10928,食品,15700
uk10929,衣料,28100
yn10930,本,1059
mb10931,雑貨,12700
kt10932,本,1034
kk10933,家具,21200
oz10934,食品,16700
bv10935,家具,23300
ps10936,本,956
kl10937,家具,2000
ba10938,食品,26000
vm10939,本,957
xo10940,本,2160
or10941,家電,11100
pf10942,家電,14700
kx10943,衣料,26400
gd10944,食品,2500
ot10945,食品,12900
vo10946,雑貨,2200
ye10947,雑貨,29300
to10948,家具,23400
yj10949,本,1193
ag10950,本,1813
uy10951,食品,23600
tu10952,本,1351
uq10953,雑貨,19900
bt10954,本,757
pc10955,本,844
vk10956,食品,12600
ib10957,家具,27000
yl10958,衣料,2100
hf10959,雑貨,18000
dk10960,家具,17700
pr10961,家電,17400
xg10962,食品,7700
zd10963,家電,19400
xs10964,雑貨,5900
yh10965,家具,28900
xs10966,雑貨,13800
lp10967,食品,28600
ta10968,本,690
dn10969,衣料,21200
ux10970,家電,19100
nt10971,食品,25300
qn10972,本,1193
se10973,雑貨,26400
dq10974,衣料,23700
ci10975,食品,19600
ms10976,食品,25800
se10977,本,842
cm10978,衣料,24600
xh10979,雑貨,7500
ts10980,家電,2300
wy10981,衣料,12400
bt10982,家電,28100
iq10983,食品,22000
mu10984,家具,1200
cj10985,本,1248
px10986,雑貨,21900
vf10987,衣料,3500
uw10988,家電,3400
mt10989,家電,22400
vw10990,家電,17800
ff10991,家電,26900
xl10992,本,1279
ie10993,本,842
pp10994,家具,15700
bd10995,家具,12100
vm10996,衣料,29800
ht10997,本,1419
wo10998,本,1242
gf10999,雑貨,16900
py11000,雑貨,28800
il11001,食品,2400
po11002,食品,7700
ud11003,本,1890
bu11004,雑貨,2800
js11005,雑貨,5200
mn11006,衣料,6500
fs11007,家具,10500
fk11008,食品,6500
gn11009,家具,21700
xs11010,家具,18400
xs11011,家具,18100
ua11012,家電,8300
fo11013,家電,5800
fp11014,本,2268
mq11015,食品,14700
sb11016,家電,6000
ax11017,本,938
we11018,本,1914
pk11019,衣料,14800
dg11020,家電,5700
zv11021,本,1967
px11022,本,1070
bj11023,食品,9500
wf11024,家具,27700
qj11025,雑貨,2100
lk11026,家電,16700
cs11027,本,1043
ag11028,家具,19300
ce11029,家具,15300
iy11030,本,1728
un11031,家電,9100
ue11032,雑貨,19200
yh11033,衣料,7200
nr11034,家具,13300
za11035,衣料,21800
wg11036,雑貨,18200
wy11037,雑貨,15500
vv11038,家電,24200
ij11039,雑貨,3900
sw11040,食品,13500
le11041,食品,23000
oq11042,家電,12200
hv11043,衣料,4300
fg11044,家電,12100
gk11045,家具,10900
fw11046,衣料,4800
rh11047,本,1317
aa11048,本,683
js11049,衣料,24700
hx11050,家電,15500
td11051,家具,29100
oa11052,食品,28100
vm11053,衣料,24400
gq11054,家具,23100
qd11055,食品,2200
ao11056,衣料,14600
ol11057,家電,18000
ux11058,家具,26100
qy11059,家具,7500
rm11060,食品,19400
mh11061,衣料,17500
fh11062,本,2398
nh11063,雑貨,18500
ku11064,家電,17400
nb11065,本,1819
uk11066,雑貨,23100
fc11067,本,2257
qe11068,家電,9400
lq11069,家電,18800
jf11070,家具,27900
ic11071,本,729
tv11072,本,1240
qj11073,衣料,25600
gp11074,衣料,11600
gv11075,雑貨,27900
cv11076,家電,11900
kw11077,本,823
at11078,家具,4000
bs11079,家電,27200
hn11080,家電,28500
ws11081,食品,12000
tw11082,家具,1600
mz11083,家電,10100
fi11084,本,1329
kz11085,本,680
qg11086,家電,21300
mn11087,本,778
zr11088,食品,14100
xv11089,家具,19600
xo11090,家電,14900
kr11091,雑貨,5900
xt11092,食品,20400
ab11093,家電,2900
wj11094,家電,25600
nv11095,食品,17000
wd11096,食品,28700
zq11097,雑貨,14700
gl11098,家具,14200
ra11099,家電,29100
mt11100,本,843
rp11101,家具,14000
ao11102,本,1681
hf11103,衣料,11200
vq11104,食品,13800
fj11105,家具,13500
mg11106,雑貨,24900
uq11107,家電,3700
sb11108,家電,24000
ro11109,衣料,14600
gl11110,本,1514
sm11111,雑貨,4800
ci11112,食品,4300
eg11113,衣料,10400
qx11114,家具,4000
yw11115,衣料,19200
fi11116,衣料,17500
mo11117,家具,5200
mm11118,雑貨,1700
mc11119,雑貨,5700
tr11120,家電,15000
qi11121,雑貨,26700
zn11122,本,1117
wb11123,食品,12900
td11124,家具,16900
bm11125,本,1882
ph11126,食品,9800
ri11127,家電,3100
iq11128,衣料,21400
pv11129,衣料,20100
dp11130,家電,13400
wh11131,家電,17500
xv11132,食品,2700
tu11133,本,1863
gl11134,家電,28900
ji11135,家具,21800
co11136,衣料,22900
vm11137,家具,9900
fh11138,家具,4800
eg11139,家電,22400
ud11140,食品,23400
nn11141,衣料,3300
ch11142,衣料,8800
zs11143,家具,7200
ll11144,本,669
rb11145,家電,2300
tl11146,雑貨,19000
on11147,雑貨,8300
yt11148,食品,1600
zd11149,食品,19400
jc11150,家電,6600
uc11151,本,871
sl11152,本,1366
cc11153,雑貨,20900
nc11154,雑貨,5300
qa11155,雑貨,5500
lf11156,家電,25300
hl11157,家電,16000
hh11158,衣料,25400
os11159,家具,28300
ta11160,衣料,27000
fp11161,衣料,11600
zm11162,雑貨,12600
tf11163,本,1471
xx11164,本,1714
lj11165,家具,27100
hk11166,雑貨,16900
cl11167,衣料,14900
vn11168,雑貨,28600
zx11169,家具,23500
zi11170,本,2438
de11171,衣料,17500
dj11172,衣料,9300
dw11173,雑貨,6500
xp11174,食品,28900
fn11175,食品,10800
iz11176,家具,19200
wq11177,家具,23300
ft11178,本,1438
gf11179,雑貨,4000
jc11180,食品,16900
sm11181,家電,27600
rc11182,食品,13500
pg11183,雑貨,29300
ag11184,家具,24600
ko11185,衣料,13700
fk11186,雑貨,11700
vw11187,食品,27500
gi11188,家具,15400
co11189,本,1920
dy11190,本,714
jj11191,家電,8700
yf11192,家電,11100
la11193,家具,10900
qq11194,食品,18500
td11195,家具,9500
pu11196,食品,4300
ko11197,衣料,12500
nx11198,本,1948
js11199,家具,9300
as11200,食品,14000
qv11201,家具,22500
xw11202,本,1398
hn11203,家電,9900
jr11204,雑貨,13400
sl11205,家具,2600
rz11206,家電,17700
ju11207,雑貨,2100
zn11208,雑貨,17700
yu11209,本,2274
lu11210,衣料,22500
yy11211,家具,8400
ra11212,家具,2100
ru11213,食品,26900
qu11214,衣料,2600
dh11215,家電,27300
om11216,雑貨,27700
gt11217,本,1859
as11218,食品,4100
gh11219,家具,18400
ry11220,食品,13400
lb11221,家具,20100
wb11222,家具,22000
og11223,家電,25300
wy11224,雑貨,10900
na11225,雑貨,14200
ye11226,家電,28800
zp11227,衣料,2500
xe11228,食品,10000
ut11229,衣料,20900
qx11230,食品,11600
sb11231,衣料,15500
ah11232,家電,7000
vi11233,食品,25200
jj11234,衣料,11300
ua11235,雑貨,4500
nj11236,食品,1600
ij11237,食品,6000
ez11238,衣料,11000
si11239,雑貨,20600
pf11240,雑貨,18700
ph11241,食品,21700
xi11242,食品,14000
dq11243,本,1853
vd11244,雑貨,3400
ov11245,本,1915
ol11246,家具,3300
hv11247,雑貨,2900
hu11248,食品,15200
av11249,雑貨,4100
iu11250,家具,13500
gq11251,雑貨,29000
aw11252,家電,2500
je11253,食品,4700
kg11254,本,2293
sf11255,衣料,29000
go11256,家電,13700
lc11257,家具,17400
el11258,雑貨,23700
pa11259,本,908
ol11260,家電,16200
nb11261,本,789
fc11262,家電,29200
kk11263,食品,23900
dz11264,家具,8000
py11265,家電,2300
ss11266,家電,25600
iy11267,食品,3500
yh11268,雑貨,29300
rv11269,食品,19200
xf11270,雑貨,25200
dl11271,家電,21300
ke11272,衣料,27100
ep11273,本,856
lu11274,雑貨,28600
vt11275,衣料,9500
gm11276,本,2162
da11277,家具,5200
lq11278,本,705
ne11279,本,1036
so11280,本,1355
ul11281,衣料,19400
hy11282,衣料,15000
pp11283,雑貨,29900
oc11284,衣料,8500
es11285,家具,28500
mc11286,雑貨,6600
ak11287,食品,9700
tt11288,食品,27000
yh11289,雑貨,11400
pk11290,家具,12100
ck11291,家電,24900
nq11292,家電,15500
fv11293,本,727
jw11294,食品,7200
cz11295,本,797
qr11296,食品,4900
sf11297,本,1096
kr11298,衣料,22700
jp11299,雑貨,13600
cv11300,食品,7200
bb11301,家電,29200
kl11302,家電,4300
zb11303,衣料,21300
xq11304,雑貨,27500
by11305,食品,15900
gf11306,食品,20600
nd11307,衣料,25600
zk11308,家具,13300
lt11309,家電,8200
rr11310,食品,10800
pa11311,食品,13900
my11312,雑貨,14900
zu11313,本,1277
gw11314,食品,23800
jq11315,本,1685
rs11316,本,1986
wt11317,家具,27400
mk11318,食品,9800
vf11319,家電,11200
hu11320,本,785
qn11321,家電,6500
mk11322,雑貨,27800
du11323,衣料,25400
kp11324,衣料,3400
it11325,衣料,7100
ge11326,本,1557
be11327,雑貨,13600
bh11328,衣料,12500
lv11329,本,1664
dm11330,食品,17500
ti11331,本,1631
ne11332,本,1656
cm11333,雑貨,21100
lf11334,本,2007
qh11335,雑貨,29500
df11336,家電,24000
ly11337,家電,15000
vq11338,食品,27700
pz11339,家電,13700
om11340,雑貨,9700
om11341,雑貨,18900
ma11342,雑貨,29600
tg11343,衣料,4300
zg11344,食品,6800
ll11345,家電,14400
bv11346,衣料,22200
re11347,衣料,20600
kl11348,衣料,2000
ph11349,家電,25600
ut11350,雑貨,11900
sp11351,本,1214
zv11352,雑貨,4900
my11353,家電,10800
co11354,家電,17600
uq11355,食品,9500
lx11356,家具,2200
rc11357,本,1170
up11358,雑貨,16700
qd11359,家電,19000
dm11360,食品,16000
ze11361,食品,24600
nt11362,雑貨,10500
pg11363,食品,23100
bb11364,衣料,19900
fu11365,雑貨,13400
mp11366,家具,15600
wk11367,本,1144
mp11368,家電,16800
mj11369,食品,15500
az11370,家具,13600
nc11371,本,2017
gx11372,家具,22600
eq11373,本,2120
wf11374,家具,13700
am11375,雑貨,24600
qp11376,家電,3300
yb11377,衣料,16300
at11378,家具,23600
hd11379,食品,5700
yb11380,家電,3100
lv11381,家具,3300
oy11382,雑貨,24800
ue11383,衣料,17000
xm11384,雑貨,28200
bw11385,家具,20700
kk11386,本,1166
fv11387,食品,13900
ah11388,食品,17400
im11389,食品,12400
us11390,食品,17400
hz11391,家電,23700
my11392,本,1868
pt11393,家具,1200
vw11394,食品,10100
gm11395,衣料,19100
os11396,家電,27800
lq11397,本,719
mm11398,雑貨,24800
bk11399,食品,7300
go11400,雑貨,5900
yh11401,雑貨,13200
da11402,本,1456
jd11403,家具,13800
sy11404,雑貨,23600
yi11405,家具,17300
lx11406,衣料,18600
wg11407,衣料,8800
uz11408,雑貨,12600
km11409,食品,16200
cs11410,家電,11500
nq11411,雑貨,20200
ip11412,衣料,26100
sc11413,本,2057
kz11414,食品,23100
te11415,食品,20200
vx11416,雑貨,4500
xp11417,雑貨,26600
vq11418,家電,23200
oo11419,家具,26200
te11420,雑貨,27600
dp11421,家電,23200
dd11422,衣料,21700
ak11423,家具,3000
ww11424,雑貨,21500
sb11425,雑貨,23000
ho11426,食品,15500
jg11427,家具,17000
wi11428,家具,11700
uq11429,家電,8300
fe11430,衣料,26800
gp11431,家電,29600
bl11432,本,1744
ah11433,雑貨,9800
br11434,食品,10900
cd11435,家具,2700
ew11436,本,1403
mb11437,食品,19300
mm11438,家具,14000
jp11439,食品,20000
dn11440,家具,29300
ez11441,食品,8700
bb11442,家具,18900
gy11443,家電,11800
tf11444,食品,27000
xs11445,本,1093
uc11446,雑貨,14600
gw11447,家電,25900
jc11448,食品,13400
qs11449,家具,12900
sl11450,雑貨,22000
sg11451,衣料,27700
zu11452,家具,26400
gq11453,本,1584
mf11454,家具,11700
di11455,食品,9900
ro11456,雑貨,2800
vz11457,食品,24700
nx11458,家電,7700
vq11459,家電,15600
ci11460,本,635
pu11461,本,1515
yy11462,食品,10000
nf11463,家電,19500
ki11464,衣料,12300
qa11465,家電,15400
gn11466,衣料,18700
dg11467,衣料,28300
jv11468,本,772
gk11469,家電,23800
vn11470,本,1836
iv11471,衣料,3400
ge11472,家具,11000
he11473,雑貨,27900
wa11474,食品,17500
jl11475,衣料,10600
en11476,雑貨,8100
yq11477,雑貨,1700
ap11478,家電,27600
tv11479,家具,12300
px11480,家具,15700
vb11481,家具,12600
lb11482,家具,12200
bw11483,本,2329
ya11484,家電,27700
vt11485,衣料,21300
ly11486,雑貨,26400
ok11487,家電,7100
ob11488,家具,24400
gx11489,食品,23200
jj11490,雑貨,9300
qu11491,家具,24600
so11492,食品,4200
mz11493,食品,21400
yu11494,食品,26800
ie11495,雑貨,23800
my11496,本,2257
ka11497,雑貨,7900
kv11498,家電,21300
aw11499,食品,23300
bt11500,衣料,16500
ec11501,食品,14000
vw11502,衣料,8700
qy11503,家電,18900
fv11504,家電,28000
dg11505,本,840
vb11506,衣料,26200
gn11507,家電,10000
sg11508,食品,20000
dv11509,家具,24200
yr11510,本,2138
lw11511,雑貨,28700
yo11512,家電,20300
wz11513,家電,3400
qy11514,本,715
me11515,家具,14500
wt11516,食品,10900
ex11517,雑貨,22700
ux11518,家具,26700
pv11519,家電,23000
hq11520,雑貨,18700
uf11521,衣料,4500
qw11522,衣料,3300
kf11523,家具,25000
wu11524,雑貨,6500
fg11525,衣料,17800
ly11526,家具,1300
pl11527,家電,2200
rs11528,本,1683
ox11529,雑貨,4800
ph11530,本,650
xi11531,本,2254
yv11532,家電,20700
pl11533,本,1562
ef11534,衣料,19400
bx11535,衣料,2500
pn11536,雑貨,29400
gt11537,家電,25000
vs11538,雑貨,13200
vw11539,本,1685
ej11540,家電,26300
ns11541,本,1350
sv11542,家電,19100
aj11543,食品,1300
fv11544,本,2322
sp11545,食品,27000
au11546,家電,15600
pi11547,本,901
me11548,本,1127
zz11549,家電,23400
de11550,本,1548
bs11551,食品,11500
cd11552,衣料,10000
uz11553,家電,17300
rc11554,家電,26600
rc11555,食品,9300
bl11556,家具,23700
hi11557,雑貨,1800
aa11558,衣料,6000
eb11559,本,2250
be11560,雑貨,22900
rn11561,食品,13600
wn11562,家具,15800
vg11563,家電,29700
gn11564,家具,11500
oi11565,家電,14600
be11566,食品,5200
ib11567,食品,10200
di11568,雑貨,14600
op11569,衣料,27400
cf11570,家具,11900
ty11571,衣料,28200
jv11572,家具,26000
au11573,家具,13900
xs11574,本,2061
fg11575,家電,26400
qf11576,本,2493
gf11577,家電,22000
xm11578,家電,18500
zc11579,家具,2800
oj11580,本,1925
mx11581,家電,12000
ht11582,本,1993
ee11583,衣料,25900
tt11584,食品,22000
yo11585,本,1771
sz11586,衣料,26800
zv11587,雑貨,14300
ri11588,衣料,24700
rr11589,衣料,14400
ja11590,家具,2900
zr11591,衣料,13800
uw11592,衣料,3600
dq11593,食品,11400
ya11594,家電,22300
xa11595,本,670
ch11596,雑貨,3200
tf11597,家具,26900
pu11598,家具,15800
vj11599,雑貨,9600
my11600,雑貨,11300
sq11601,雑貨,19700
oh11602,衣料,23200
zp11603,食品,17400
nh11604,雑貨,4500
ng11605,家電,11000
gk11606,家具,6500
wx11607,家電,10200
aw11608,家具,8600
nu11609,雑貨,24900
kz11610,家具,28500
mq11611,食品,3100
bw11612,家具,22400
fd11613,衣料,26800
vb11614,衣料,3100
uy11615,雑貨,22600
ev11616,衣料,11800
mr11617,家具,24400
pf11618,衣料,5900
ff11619,本,662
ob11620,食品,27700
bb11621,本,799
ca11622,家具,6400
oj11623,本,2464
ew11624,食品,12600
wz11625,家具,25500
qj11626,衣料,25700
kh11627,衣料,14600
jt11628,食品,26500
aa11629,衣料,20900
lp11630,家電,10900
xg11631,衣料,29300
az11632,衣料,28100
xz11633,家電,2800
nv11634,本,2049
yf11635,家具,18900
ma11636,家具,10600
sy11637,衣料,23200
zv11638,家電,6100
yk11639,本,1350
ee11640,家電,20500
cf11641,食品,2500
lb11642,雑貨,7800
il11643,本,1696
nd11644,食品,9300
fs11645,本,1927
mf11646,衣料,17500
nj11647,食品,4200
uo11648,食品,9500
ed11649,衣料,27200
jv11650,衣料,14700
fs11651,家電,20900
mj11652,衣料,19900
wp11653,雑貨,29500
cb11654,衣料,24800
pj11655,雑貨,27900
lp11656,家具,22700
zh11657,家具,6200
ep11658,本,2331
vd11659,雑貨,16500
gu11660,食品,29100
ad11661,衣料,24700
ix11662,食品,29800
rj11663,本,2376
wi11664,家電,14500
cw11665,衣料,10900
gr11666,雑貨,17100
yx11667,食品,16300
xh11668,家具,29100
mz11669,家電,12600
tp11670,雑貨,12100
hz11671,食品,12000
dc11672,衣料,20800
os11673,衣料,26600
hr11674,雑貨,2100
jh11675,衣料,12900
hn11676,食品,11500
xx11677,家電,5000
oe11678,本,968
gi11679,食品,23100
yq11680,雑貨,13600
re11681,衣料,26800
ft11682,雑貨,17000
wk11683,本,2286
ve11684,家電,11500
eg11685,雑貨,22000
kp11686,衣料,7000
no11687,本,2028
gq11688,家電,16800
za11689,衣料,29100
hk11690,衣料,26900
yq11691,雑貨,21500
my11692,雑貨,19800
jf11693,食品,5400
an11694,衣料,11600
sf11695,雑貨,11800
eq11696,家具,26100
br11697,家具,11100
ik11698,家具,23700
nj11699,雑貨,29600
bn11700,家具,1200
fj11701,雑貨,6500
ro11702,家具,22900
fw11703,衣料,4300
ds11704,食品,13200
gn11705,本,1671
wd11706,雑貨,13500
gy11707,家具,25100
wq11708,食品,16400
jf11709,雑貨,26500
on11710,家具,8200
tz11711,家電,17700
dl11712,食品,10000
si11713,家電,15200
dl11714,雑貨,24900
ue11715,食品,8300
tt11716,衣料,6400
vw11717,家電,2800
du11718,衣料,22500
pv11719,食品,10200
nf11720,家電,4800
yq11721,本,1111
gz11722,食品,9000
ct11723,家電,16400
fm11724,本,1478
cl11725,家電,19700
pl11726,衣料,16100
vy11727,雑貨,29400
ir11728,雑貨,2200
tz11729,家電,25500
hy11730,食品,26300
wj11731,食品,24100
wr11732,雑貨,2800
ye11733,食品,4300
ta11734,家電,21700
cg11735,家電,3300
aq11736,食品,9100
qe11737,衣料,4300
jo11738,食品,23700
co11739,雑貨,6100
jo11740,食品,16900
rg11741,衣料,25100
di11742,家電,11800
zz11743,衣料,25600
mt11744,食品,7000
te11745,家電,9100
xy11746,家具,20400
oc11747,食品,6700
sy11748,家具,11800
qq11749,家電,6700
ip11750,本,1421
iw11751,家電,18000
ge11752,衣料,15000
my11753,雑貨,22300
gj11754,雑貨,26000
wb11755,家電,19000
gt11756,雑貨,28000
ns11757,家具,7200
pg11758,食品,26500
fk11759,衣料,23000
qr11760,家具,13800
lm11761,雑貨,22200
yv11762,本,1357
vt11763,雑貨,13000
tn11764,雑貨,16300
db11765,家具,11800
mq11766,雑貨,11300
kf11767,本,895
rx11768,家電,26800
gq11769,食品,23200
zf11770,食品,7500
xv11771,雑貨,24000
nb11772,家電,27300
by11773,本,1755
ma11774,雑貨,18600
un11775,家電,16800
qg11776,雑貨,20100
sd11777,食品,24600
vr11778,衣料,22500
ce11779,雑貨,10800
zo11780,家電,9600
wt11781,家電,10100
dr11782,雑貨,16300
kq11783,食品,25400
fd11784,家具,14700
uk11785,家具,2500
yc11786,家具,2800
en11787,衣料,24100
kb11788,雑貨,28200
zw11789,食品,13200
cn11790,家電,27200
wr11791,家具,22500
bm11792,食品,14600
tt11793,衣料,14600
db11794,家具,24600
wo11795,本,1574
hw11796,家電,5000
vb11797,家具,28700
jd11798,本,1426
ui11799,家具,13700
ex11800,食品,24400
ra11801,衣料,24000
ff11802,本,1736
pd11803,本,1344
wx11804,家電,17900
kz11805,衣料,7700
sh11806,家電,18900
xf11807,本,889
xs11808,家電,16600
gs11809,家具,29000
rk11810,家電,6700
hz11811,家電,7600
yf11812,衣料,2800
be11813,本,2430
av11814,家電,12200
oo11815,雑貨,23800
zb11816,家電,11700
nt11817,本,1949
pf11818,家電,26100
tv11819,本,1666
dh11820,雑貨,5700
qj11821,家具,27000
iw11822,家具,26100
ii11823,本,1231
ib11824,衣料,27700
nj11825,食品,6900
jx11826,家電,15600
tk11827,雑貨,2500
yr11828,家具,20100
gc11829,衣料,9700
vv11830,家具,7700
zy11831,家具,7300
ty11832,衣料,14700
if11833,本,2144
kq11834,家電,12800
ba11835,家具,11500
xg11836,家具,24500
el11837,雑貨,11400
yj11838,家電,19100
jg11839,本,1606
sf11840,本,2278
ee11841,雑貨,14500
nj11842,衣料,12800
be11843,本,2301
tc11844,食品,17400
zg11845,雑貨,19100
hi11846,雑貨,11900
pi11847,食品,9700
gz11848,衣料,3000
zg11849,家具,3200
vv11850,食品,11400
po11851,家電,28200
il11852,家電,22200
fx11853,衣料,29000
qv11854,家電,28400
mj11855,本,935
lh11856,本,2134
iu11857,本,1931
lh11858,衣料,9700
mb11859,衣料,15200
ac11860,家電,24400
lt11861,家電,6100
bb11862,食品,20900
aj11863,雑貨,19500
ig11864,雑貨,5600
bb11865,家電,18600
zp11866,衣料,18300
nw11867,衣料,29600
gq11868,本,1484
pv11869,家具,5900
cj11870,家具,13800
qv11871,家電,25100
fy11872,食品,11700
ny11873,衣料,22200
vq11874,家電,29100
iw11875,家具,24300
gs11876,食品,10700
be11877,雑貨,6900
le11878,衣料,19500
ri11879,家具,7400
ri11880,家具,21300
cp11881,家具,19400
ha11882,雑貨,12100
na11883,雑貨,15400
te11884,家具,26800
fi11885,雑貨,11800
bw11886,雑貨,25400
is11887,衣料,2900
vw11888,家具,3600
dh11889,衣料,14400
du11890,家電,2300
da11891,本,1302
qc11892,食品,7600
oj11893,食品,6600
px11894,衣料,1300
hf11895,衣料,14400
fh11896,食品,9600
im11897,食品,18300
ey11898,食品,28800
ez11899,家具,23300
zk11900,衣料,3100
jk11901,家具,12600
ci11902,雑貨,19400
ds11903,本,2315
ab11904,家電,5900
ek11905,本,1268
ao11906,食品,15900
eg11907,家電,7800
hs11908,食品,14700
np11909,家具,10400
ug11910,食品,3800
if11911,衣料,12600
ph11912,雑貨,25400
mt11913,食品,24600
gl11914,本,872
ya11915,雑貨,15000
il11916,食品,25000
ir11917,雑貨,13600
bg11918,衣料,3600
dv11919,家電,1500
th11920,衣料,26100
fs11921,雑貨,6800
db11922,雑貨,19900
om11923,家電,4000
be11924,雑貨,25800
pg11925,本,1274
fd11926,家具,13600
hw11927,衣料,21100
ko11928,家具,10800
gj11929,食品,12800
jj11930,家具,18100
nl11931,家電,14000
vm11932,衣料,25000
pk11933,雑貨,3000
lv11934,家具,10200
fq11935,家電,25400
cy11936,家電,6100
ue11937,家具,4100
ah11938,雑貨,5900
er11939,本,2295
gh11940,食品,14900
ff11941,家具,11300
zi11942,食品,2700
tf11943,本,2447
dp11944,家電,20600
jq11945,家具,4400
wa11946,家電,8200
ad11947,本,1523
ku11948,衣料,8000
de11949,家具,23000
vj11950,雑貨,29600
to11951,家電,7200
pu11952,食品,17100
om11953,本,1545
kz11954,家具,12300
cm11955,雑貨,18000
wx11956,家具,7400
fu11957,本,1731
yr11958,食品,17200
ig11959,本,2195
tm11960,衣料,1600
qn11961,雑貨,5900
pi11962,雑貨,14200
pz11963,雑貨,19900
gq11964,本,792
uk11965,雑貨,24500
xl11966,家電,22300
il11967,衣料,16500
go11968,食品,12300
qv11969,雑貨,21700
gs11970,衣料,11100
sc11971,雑貨,8500
tr11972,家電,14700
wf11973,家電,22000
iz11974,衣料,16900
my11975,本,2159
bc11976,衣料,8900
xx11977,食品,4400
ei11978,本,1932
nm11979,衣料,14400
er11980,家電,24600
jo11981,家電,10400
sl11982,衣料,29200
vy11983,家具,16700
yy11984,家電,18800
zf11985,本,879
as11986,衣料,1700
xz11987,本,1276
gw11988,家具,14500
tj11989,衣料,3900
pi11990,本,607
bs11991,食品,23300
jg11992,家電,14600
gh11993,本,1971
dw11994,食品,28800
hx11995,家具,7600
ks11996,家電,12600
dj11997,家電,14200
ls11998,衣料,22600
vb11999,雑貨,11700
wh12000,家電,12100
vz12001,食品,29200
cd12002,家電,17900
dd12003,本,918
ko12004,本,1453
ei12005,本,1335
az12006,食品,10300
un12007,家具,10900
af12008,食品,28200
kc12009,食品,5100
qi12010,雑貨,4800
ab12011,家具,4200
dn12012,本,1987
ac12013,家具,5600
et12014,家具,4100
ou12015,衣料,10800
mh12016,家電,29600
gy12017,食品,18500
kz12018,家電,15000
cp12019,食品,19500
nu12020,食品,10100
oh12021,衣料,20200
er12022,家電,1400
mk12023,家電,17700
kj12024,食品,29900
th12025,家具,15000
ej12026,雑貨,15500
gs12027,衣料,2700
hh12028,雑貨,22800
ar12029,家電,14700
km12030,本,2274
mq12031,食品,2400
ub12032,家具,8800
jl12033,食品,10800
hl12034,雑貨,29500
rb12035,家具,22900
bq12036,家電,15700
ww12037,家具,8600
zb12038,食品,25700
vu12039,雑貨,13500
lp12040,家電,25600
ck12041,雑貨,12100
qd12042,家電,12200
fm12043,本,1188
ew12044,雑貨,24800
vx12045,本,708
er12046,家電,27300
do12047,食品,9500
iq12048,衣料,4200
aa12049,衣料,14700
wb12050,衣料,17500
ca12051,家電,5600
yu12052,衣料,29900
gw12053,本,1361
bn12054,本,1066
wq12055,衣料,19200
bm12056,雑貨,15500
ur12057,雑貨,26300
ry12058,家電,23400
zz12059,雑貨,18500
yb12060,衣料,23600
cy12061,衣料,17600
mg12062,家具,16900
pm12063,家具,5000
oq12064,家電,15300
ra12065,食品,8700
mx12066,食品,25400
pz12067,本,1360
bn12068,家具,28000
hl12069,衣料,22800
pl12070,家電,10100
xw12071,家電,20900
zn12072,本,654
mo12073,食品,15400
fq12074,雑貨,12900
pp12075,衣料,4800
ry12076,本,972
nm12077,家電,8100
mh12078,食品,18300
re12079,本,1862
vj12080,食品,29900
kd12081,衣料,18300
js12082,食品,28300
eu12083,食品,13100
rj12084,本,1554
rd12085,雑貨,21400
on12086,家具,27700
jo12087,雑貨,20100
jk12088,家電,22100
ij12089,家電,16800
gs12090,食品,22300
fc12091,本,1305
id12092,雑貨,7600
rr12093,衣料,23400
we12094,食品,19000
wv12095,衣料,21900
ss12096,衣料,2600
ej12097,家具,15500
pu12098,雑貨,28100
ek12099,家電,28700
nl12100,雑貨,21300
yo12101,本,907
ak12102,家電,21200
rt12103,家具,13600
bz12104,食品,10400
qs12105,食品,18900
si12106,本,963
aa12107,食品,19500
pl12108,家電,19600
gu12109,本,2187
mw12110,本,1968
xw12111,家具,8000
yj12112,本,718
ft12113,本,856
fg12114,衣料,28700
pi12115,衣料,24200
lp12116,衣料,22400
pr12117,家具,17800
ov12118,食品,1500
wa12119,衣料,5000
gf12120,雑貨,18400
cb12121,家具,3600
oy12122,食品,3300
wc12123,本,1061
pn12124,本,1762
st12125,雑貨,3300
km12126,家具,4500
ev12127,家具,8400
ae12128,衣料,22900
fu12129,食品,13300
rs12130,本,2358
mh12131,家電,25900
db12132,食品,26700
ff12133,衣料,22200
oy12134,食品,8300
vy12135,食品,7900
ww12136,家具,22900
jx12137,本,742
kq12138,家具,22000
lr12139,家具,16700
vf12140,家電,10000
xu12141,雑貨,27800
ef12142,衣料,21600
eg12143,衣料,2600
sj12144,食品,29900
kf12145,本,2090
na12146,家電,12200
hz12147,本,1942
yj12148,衣料,24500
ra12149,家具,17100
tt12150,家具,26300
xk12151,雑貨,11200
no12152,家具,25900
qk12153,家具,21400
jw12154,家具,23900
mr12155,本,906
ga12156,雑貨,2300
zj12157,家電,4700
gx12158,家電,10200
wn12159,雑貨,29600
nu12160,雑貨,5100
ip12161,食品,14200
le12162,本,2323
hc12163,衣料,29900
jx12164,家電,5400
me12165,本,817
ep12166,家電,25200
la12167,家電,13800
xl12168,食品,3100
mp12169,食品,5700
ii12170,雑貨,5700
wi12171,雑貨,9700
kr12172,本,993
zk12173,家具,18600
ns12174,食品,21300
ul12175,家電,13700
qw12176,家具,20500
qw12177,家具,28300
pq12178,雑貨,16800
ob12179,雑貨,9000
lc12180,本,1470
ns12181,食品,20300
bx12182,家電,12000
ul12183,家具,24100
jw12184,家具,5100
sz12185,家具,10600
rk12186,家具,10900
ru12187,家具,7400
li12188,雑貨,3300
ku12189,本,2098
um12190,食品,15800
eg12191,衣料,19100
xt12192,衣料,18500
pq12193,家電,12900
dk12194,本,2355
ez12195,衣料,22100
wc12196,雑貨,23200
lo12197,家電,4400
ww12198,雑貨,28600
wx12199,雑貨,4400
vb12200,衣料,19000
og12201,本,921
dw12202,雑貨,12000
bf12203,食品,13600
ue12204,雑貨,24200
uv12205,本,865
uw12206,衣料,10500
lr12207,雑貨,14200
xa12208,本,1970
wu12209,家電,9100
cq12210,食品,1400
dc12211,食品,9800
zi12212,衣料,19000
kx12213,衣料,12300
ab12214,家具,8000
zf12215,衣料,25100
rh12216,衣料,24600
sm12217,雑貨,24700
wz12218,衣料,5600
wu12219,雑貨,16500
ux12220,家具,27100
il12221,家具,25700
gt12222,家電,2300
kk12223,本,2006
ur12224,雑貨,12900
hx12225,家電,25200
cf12226,家具,14200
hu12227,食品,9800
wk12228,本,1455
ev12229,家具,17100
js12230,衣料,21800
en12231,衣料,12200
lk12232,家具,19300
ph12233,衣料,3100
gw12234,家電,4300
ec12235,家電,15300
vv12236,家電,5400
mv12237,家具,21500
or12238,家具,19600
fy12239,衣料,11600
fa12240,本,751
fl12241,雑貨,12800
mu12242,衣料,25100
ad12243,本,959
yr12244,家電,25200
xu12245,雑貨,7500
bx12246,衣料,5100
cy12247,雑貨,18400
xk12248,衣料,11700
hd12249,本,1340
eq12250,家具,5500
ai12251,衣料,6400
ex12252,本,1197
ia12253,本,2387
fv12254,雑貨,15400
xz12255,食品,9000
fx12256,雑貨,12700
vv12257,雑貨,26500
cm12258,家具,27000
xa12259,家電,25600
jm12260,食品,29600
ya12261,衣料,3300
rj12262,衣料,26900
vl12263,家電,23900
nt12264,食品,17300
ps12265,雑貨,21000
vn12266,家具,18300
co12267,家電,22500
mc12268,衣料,7200
yl12269,家電,2300
we12270,雑貨,24200
xi12271,衣料,6800
un12272,家具,17000
zt12273,食品,7700
ew12274,食品,23400
qp12275,衣料,19500
dp12276,家電,3900
ik12277,本,1907
qr12278,雑貨,22500
yi12279,衣料,4600
uw12280,本,1851
qu12281,本,2110
ad12282,家具,21300
kn12283,雑貨,26700
kr12284,衣料,28600
ct12285,家具,15500
le12286,雑貨,27000
gq12287,食品,25800
qj12288,雑貨,4800
ax12289,雑貨,17100
br12290,衣料,4400
em12291,雑貨,14200
dm12292,衣料,22900
ie12293,家電,25200
nv12294,雑貨,20100
vj12295,食品,3500
ey12296,本,960
wv12297,家電,7100
nm12298,食品,11600
uf12299,衣料,19900
jg12300,家電,20400
vs12301,家電,15900
qz12302,本,840
dk12303,家電,5100
rk12304,衣料,9100
jr12305,家具,28700
dk12306,食品,2500
yb12307,家電,5700
fy12308,家具,10900
bi12309,家電,19900
ro12310,衣料,18500
ku12311,雑貨,1500
dv12312,衣料,23100
og12313,本,1516
al12314,本,2283
dz12315,本,704
ls12316,家電,25900
hk12317,本,1932
ui12318,本,1655
ly12319,衣料,13700
pn12320,家電,17400
yl12321,衣料,14400
gh12322,家電,4300
kj12323,衣料,18300
oc12324,雑貨,13500
mo12325,食品,8800
ac12326,衣料,20800
nv12327,衣料,2500
ug12328,食品,5700
fa12329,家具,24500
aa12330,食品,13600
ud12331,衣料,15400
gc12332,食品,9600
js12333,食品,25600
mq12334,雑貨,18000
vc12335,食品,9700
nn12336,本,2020
fa12337,雑貨,5700
sa12338,衣料,19800
uu12339,家電,3500
uw12340,家具,17200
yo12341,食品,20500
nh12342,食品,8100
zs12343,本,1393
of12344,本,1166
fl12345,食品,10500
ap12346,家電,19600
nt12347,家電,26800
hc12348,食品,9300
ga12349,食品,22600
yj12350,衣料,6200
mx12351,衣料,3500
rm12352,食品,12300
vz12353,家電,7700
gq12354,雑貨,17200
ho12355,衣料,26600
hw12356,食品,1200
yp12357,雑貨,13000
oa12358,雑貨,7300
fa12359,家具,5300
hq12360,家電,26200
fn12361,本,1592
mc12362,家電,22300
yh12363,家電,17500
mg12364,本,1384
xh12365,家具,2300
zk12366,衣料,15800
hv12367,食品,18800
pw12368,本,2047
il12369,家電,24600
ua12370,家電,7400
ht12371,本,1487
ay12372,家具,9700
go12373,雑貨,18400
dj12374,本,2270
ql12375,衣料,17600
ix12376,家具,2000
sw12377,家具,13600
ch12378,本,1978
qa12379,本,1377
bs12380,食品,23000
vh12381,食品,20400
au12382,衣料,12600
yk12383,衣料,4200
bg12384,家電,19800
ol12385,家具,20400
dj12386,家電,5000
au12387,家電,6000
ct12388,食品,18100
va12389,衣料,6900
mq12390,食品,15400
og12391,雑貨,29200
pt12392,衣料,26300
zj12393,家電,5700
xp12394,食品,26300
ba12395,食品,5000
fu12396,食品,7100
we12397,家電,18700
zf12398,食品,4800
cz12399,本,2295
zj12400,本,1166
oo12401,雑貨,7800
zv12402,家具,13700
re12403,家具,17800
wi12404,本,2153
qk12405,食品,6900
gi12406,衣料,14700
rd12407,雑貨,3200
co12408,本,1449
dc12409,本,1421
tj12410,本,1651
xl12411,家具,18000
ok12412,衣料,2300
je12413,本,683
ff12414,衣料,10500
ss12415,本,2208
wq12416,本,1716
oe12417,本,1358
fd12418,家電,12000
xv12419,家具,12200
su12420,家具,26500
zd12421,家電,11400
ch12422,雑貨,7900
co12423,雑貨,20500
ie12424,雑貨,15000
im12425,家電,20500
av12426,衣料,14600
fs12427,衣料,12100
wy12428,雑貨,22500
ua12429,食品,19500
fu12430,食品,14100
yq12431,家具,22000
vc12432,衣料,2600
jg12433,本,1732
sk12434,衣料,25400
td12435,家電,26600
bx12436,本,1520
qc12437,食品,16700
aj12438,本,2081
oj12439,食品,2000
jz12440,食品,26300
co12441,雑貨,26100
mo12442,雑貨,16000
yw12443,本,1814
rv12444,衣料,3800
rh12445,家具,25800
ja12446,家電,4200
pi12447,食品,12400
na12448,家電,17200
tb12449,本,1653
hy12450,本,1294
dh12451,衣料,21500
ky12452,家具,10700
vz12453,食品,1600
bl12454,雑貨,18500
bm12455,家電,13000
gv12456,食品,11200
ba12457,衣料,28100
zl12458,本,2066
rs12459,家電,28400
ij12460,家電,26000
tb12461,衣料,4200
qj12462,家具,21300
wt12463,本,2489
da12464,食品,20300
ek12465,雑貨,1300
ov12466,本,1562
sj12467,雑貨,20300
yk12468,雑貨,15300
vq12469,本,766
gq12470,衣料,4300
li12471,本,1413
qu12472,家電,1800
zl12473,家電,13300
da12474,食品,28800
fw12475,雑貨,27800
nr12476,本,902
ir12477,家電,16600
wj12478,雑貨,28500
my12479,家電,23700
pq12480,家電,15900
fw12481,家電,10100
nk12482,家電,28100
zb12483,本,730
yp12484,家電,25900
vk12485,家具,27700
jx12486,家電,19700
lo12487,家具,13600
kt12488,雑貨,26700
uc12489,衣料,29000
pj12490,家具,25600
cr12491,食品,19800
cl12492,本,1027
vq12493,雑貨,3400
sq12494,衣料,18600
me12495,雑貨,13300
aa12496,衣料,9000
uz12497,家具,13400
fi12498,家電,28100
dm12499,衣料,11200
jb12500,本,1548
ks12501,家具,16800
um12502,本,1506
vq12503,雑貨,28100
dh12504,衣料,21300
qj12505,食品,11900
ei12506,雑貨,21900
sz12507,雑貨,21800
mf12508,家具,17900
ik12509,家具,15500
hk12510,雑貨,24800
de12511,本,906
qq12512,本,2246
vt12513,家電,22800
rj12514,家具,17300
ps12515,家具,29500
jd12516,食品,10100
pw12517,本,1210
oh12518,本,2147
iv12519,本,1604
yr12520,食品,9100
ai12521,食品,3200
ly12522,家電,7900
st12523,家電,18700
ur12524,家電,19300
mn12525,本,732
ox12526,家電,16800
my12527,食品,23500
jj12528,家具,28100
yn12529,食品,23700
lu12530,衣料,17200
om12531,食品,25000
ae12532,衣料,12500
gx12533,衣料,7700
ib12534,本,869
bt12535,食品,14000
xt12536,衣料,6400
kn12537,本,1803
hu12538,家電,25900
dq12539,衣料,13700
xk12540,食品,5600
ai12541,衣料,1200
yb12542,本,977
ug12543,家具,10500
gd12544,食品,22100
oy12545,家電,16300
yk12546,家電,9400
aj12547,本,616
lm12548,家具,14200
cy12549,食品,22700
wp12550,家具,9400
em12551,家電,29000
dk12552,家電,12300
sn12553,家電,23900
et12554,家具,28600
jv12555,衣料,28500
ob12556,家具,29500
vl12557,雑貨,9300
ko12558,家具,18400
mz12559,雑貨,4000
px12560,家電,26000
hk12561,家電,28400
nt12562,本,2490
zz12563,衣料,22600
yk12564,雑貨,24100
el12565,食品,9000
as12566,本,2181
tp12567,雑貨,14900
rj12568,家電,15300
sh12569,本,1783
vv12570,本,1840
tm12571,家電,7300
xa12572,食品,7600
xk12573,食品,26400
kr12574,本,1024
rb12575,本,1934
ek12576,食品,18700
sa12577,衣料,28900
bd12578,衣料,1500
jz12579,食品,13800
ej12580,食品,27300
ey12581,衣料,15500
mj12582,衣料,6700
kk12583,雑貨,14400
yv12584,衣料,12000
cs12585,雑貨,11000
vc12586,雑貨,16500
tn12587,衣料,18400
dp12588,家具,11900
ma12589,衣料,12400
pz12590,家電,18000
kq12591,衣料,18700
ts12592,雑貨,1300
md12593,本,858
mc12594,衣料,26400
tw12595,家電,7100
bb12596,衣料,13400
id12597,食品,8700
xn12598,家電,19300
kw12599,食品,25400
yq12600,本,1724
qc12601,家電,20800
uq12602,食品,27000
ta12603,本,2103
jq12604,本,2167
ji12605,家電,8200
mi12606,本,677
zq12607,家電,4600
bc12608,雑貨,13200
ow12609,家具,11200
ib12610,家電,28800
gl12611,食品,5400
qx12612,家電,8700
ps12613,家具,3500
yk12614,家具,24900
uj12615,雑貨,13600
ch12616,食品,5500
me12617,本,1613
mk12618,衣料,23400
vv12619,家具,17900
nh12620,家電,7600
vg12621,家具,13800
lr12622,家電,2500
ib12623,雑貨,22100
bk12624,本,1058
zv12625,家具,21400
cp12626,食品,23800
bp12627,家具,8900
wq12628,衣料,25400
ux12629,本,2456
um12630,雑貨,6700
wq12631,衣料,16800
yk12632,雑貨,26900
mh12633,衣料,3800
wb12634,家具,14100
au12635,家具,23200
ig12636,家電,1200
yw12637,家電,19800
wg12638,雑貨,19200
gb12639,雑貨,4000
jf12640,家電,25400
ky12641,家具,3300
zq12642,家具,1900
sb12643,食品,10900
je12644,家電,8100
sv12645,食品,11200
kr12646,家電,16700
jb12647,食品,17400
ru12648,食品,13300
ro12649,家電,10700
cq12650,家電,8200
ir12651,食品,7900
sw12652,本,1782
wl12653,家電,13100
av12654,雑貨,15800
wb12655,食品,24500
zp12656,本,2344
xi12657,雑貨,19900
gq12658,衣料,18900
zb12659,家具,4900
ha12660,雑貨,27400
ll12661,本,836
qm12662,雑貨,2400
eo12663,本,1205
dt12664,衣料,12600
qr12665,食品,29900
vl12666,本,1765
iq12667,雑貨,22600
mx12668,家電,22400
pp12669,家具,18800
mv12670,家具,3600
qi12671,雑貨,18900
gy12672,家電,26000
fb12673,家具,18300
bi12674,家電,29000
xa12675,家電,19200
gy12676,本,1925
ye12677,食品,3100
fg12678,食品,28700
qd12679,食品,5800
yi12680,衣料,23800
ti12681,本,1568
zo12682,家具,12900
sr12683,雑貨,17400
fx12684,家電,22300
cg12685,食品,2700
lc12686,本,919
lf12687,雑貨,26500
hm12688,本,1074
yc12689,家具,7800
wr12690,本,1202
jw12691,家電,20400
xf12692,雑貨,10200
sp12693,家電,20500
na12694,衣料,28800
tp12695,家具,28700
cp12696,本,1642
on12697,家電,27300
qy12698,家電,3200
sy12699,本,2371
ec12700,本,1533
ti12701,衣料,23300
pw12702,家具,7700
fk12703,食品,13800
pw12704,衣料,23300
ec12705,雑貨,9600
sg12706,食品,21700
qc12707,雑貨,1500
zz12708,食品,18600
yo12709,食品,9700
bj12710,家具,14500
nh12711,家具,20000
vj12712,本,2013
fa12713,雑貨,7800
gv12714,家電,27500
rj12715,雑貨,1800
si12716,家具,20900
xw12717,食品,6900
jg12718,雑貨,12400
lp12719,雑貨,23700
yj12720,本,2056
ov12721,食品,15400
nj12722,衣料,9000
zz12723,食品,8800
zs12724,家具,11500
cs12725,食品,16000
be12726,家具,25900
yd12727,衣料,22000
ks12728,食品,7800
mm12729,衣料,16300
tl12730,本,1600
xc12731,家具,12100
iw12732,本,1823
bx12733,衣料,4700
lm12734,雑貨,7600
tb12735,食品,26600
je12736,家電,24200
ka12737,家具,24300
bq12738,衣料,14300
np12739,家具,19800
cq12740,家具,3400
se12741,本,1102
vc12742,雑貨,15800
gs12743,家具,7700
wa12744,雑貨,9800
aq12745,家電,27000
us12746,家具,23200
us12747,雑貨,19400
aw12748,家具,10000
ep12749,本,1614
yc12750,食品,2100
cn12751,雑貨,16600
en12752,衣料,19800
br12753,本,2198
gq12754,本,1985
fl12755,食品,28700
am12756,家具,23500
cy12757,衣料,23200
tm12758,家具,24700
sk12759,家具,15000
wp12760,家電,28700
te12761,本,804
vl12762,家具,26900
sd12763,家電,5000
yw12764,衣料,12400
rb12765,本,2098
sw12766,本,1398
ty12767,食品,7900
pt12768,食品,27900
tt12769,衣料,3900
mk12770,家電,22800
cx12771,衣料,5800
wm12772,食品,12400
un12773,家具,21700
bt12774,本,1953
vw12775,食品,24100
nx12776,家電,16800
yd12777,家具,11000
sl12778,本,1850
or12779,家電,18800
lp12780,家電,10600
ad12781,家電,20200
xg12782,雑貨,17000
mi12783,食品,13700
rm12784,本,1507
cv12785,衣料,10600
at12786,食品,6800
xb12787,衣料,20700
jp12788,家電,20500
mh12789,本,1528
lp12790,食品,29700
pb12791,食品,28500
bc12792,雑貨,4000
gx12793,雑貨,4100
tj12794,家具,27900
bo12795,家電,1200
co12796,雑貨,29900
sm12797,衣料,5200
gd12798,家電,2500
dc12799,家具,16900
uo12800,家電,10200
im12801,衣料,26000
be12802,雑貨,28000
fl12803,本,1942
ug12804,食品,27100
ld12805,衣料,7500
aj12806,家具,20900
uz12807,家具,27400
uw12808,家電,22600
zh12809,本,1525
lr12810,雑貨,18800
st12811,家電,11800
dj12812,家具,4300
th12813,食品,29000
ha12814,雑貨,15100
ta12815,家具,10700
eh12816,食品,12800
qf12817,衣料,24700
oo12818,家具,18300
rm12819,家具,28900
lo12820,本,884
dv12821,家具,29500
ju12822,家具,9400
nz12823,雑貨,29300
wz12824,家具,29100
um12825,家電,25300
vb12826,雑貨,7600
cg12827,食品,8300
qw12828,食品,19700
pn12829,本,2076
nt12830,衣料,4200
sp12831,雑貨,18800
jg12832,衣料,13400
nl12833,家電,21400
dh12834,食品,27300
tl12835,食品,23500
ro12836,衣料,23500
wd12837,家電,10300
ec12838,食品,18600
ht12839,本,774
rm12840,本,2459
td12841,食品,11400
rp12842,衣料,5700
il12843,衣料,27300
mk12844,雑貨,20400
yw12845,衣料,12200
sl12846,家電,6700
hk12847,雑貨,10500
vr12848,本,1545
dl12849,家具,17800
cw12850,衣料,14400
qe12851,食品,2400
iv12852,衣料,18600
qf12853,家電,23300
nh12854,衣料,23200
us12855,本,1861
jr12856,食品,10500
hc12857,食品,9000
ak12858,家電,21200
jc12859,家電,5000
wi12860,雑貨,14200
hk12861,衣料,27300
xt12862,家具,24200
na12863,本,785
eq12864,衣料,27500
kv12865,雑貨,3700
sc12866,衣料,5100
iy12867,家電,24400
jy12868,食品,18300
hz12869,食品,27100
vy12870,家電,25500
nn12871,本,1428
ku12872,雑貨,26300
yb12873,家電,22800
db12874,家電,23600
lk12875,本,1636
sc12876,家電,16500
kn12877,本,1701
sv12878,家具,29800
lv12879,衣料,27700
wa12880,本,1594
fp12881,本,2231
iz12882,衣料,25900
dt12883,本,1222
jt12884,本,2260
ao12885,本,1251
dv12886,食品,25600
el12887,本,1224
jq12888,雑貨,11300
tp12889,家具,11000
wr12890,本,1416
yn12891,家具,21200
li12892,家電,21400
pt12893,本,2396
kr12894,本,1501
us12895,本,1900
nv12896,家具,27800
vy12897,衣料,14200
rk12898,家具,6700
jl12899,雑貨,13500
zg12900,食品,23400
ok12901,本,2393
cv12902,家具,17800
uz12903,雑貨,21400
ai12904,衣料,6800
yb12905,本,716
ow12906,家具,5400
bu12907,食品,29900
nl12908,衣料,17400
ul12909,本,1783
se12910,雑貨,6700
ib12911,家具,5500
sf12912,本,1829
kc12913,家具,10500
df12914,家具,4000
ix12915,家具,13500
qt12916,本,868
dg12917,家電,5100
je12918,本,1932
ag12919,家具,28100
kg12920,家具,16800
bf12921,家電,5100
cb12922,衣料,6900
if12923,衣料,2500
sy12924,雑貨,14600
gn12925,家電,20400
cg12926,本,1402
wh12927,家具,20100
ty12928,衣料,29700
qp12929,衣料,3900
wm12930,雑貨,20900
cz12931,食品,12900
yh12932,本,1458
ir12933,家電,19900
hc12934,家電,3100
ge12935,家具,16900
kh12936,衣料,20000
ng12937,本,1014
ik12938,衣料,7900
py12939,食品,12900
ow12940,家電,7000
yl12941,衣料,4500
gw12942,食品,14100
lr12943,本,709
wq12944,雑貨,15900
ok12945,家電,4900
gr12946,衣料,28000
zz12947,食品,29400
ha12948,家電,13300
xb12949,食品,21500
hm12950,衣料,7900
dq12951,雑貨,19600
bk12952,家電,22300
tp12953,衣料,10000
wd12954,家具,5800
cy12955,雑貨,19400
lp12956,家具,27700
mp12957,衣料,17400
pr12958,雑貨,23200
pm12959,家具,13600
wj12960,食品,21700
qu12961,本,1166
so12962,本,2091
vs12963,食品,6800
nc12964,家具,10000
px12965,家電,18400
eg12966,本,729
st12967,雑貨,24800
np12968,家電,2500
of12969,家具,20000
vt12970,雑貨,22900
oh12971,本,1241
ob12972,食品,6100
hi12973,雑貨,8700
fa12974,食品,3400
mm12975,雑貨,28600
qn12976,家電,5100
yg12977,衣料,25300
ol12978,家具,21700
vn12979,食品,24300
ty12980,衣料,28300
vb12981,家具,21600
fe12982,家具,7300
sj12983,雑貨,25200
ys12984,雑貨,11300
ip12985,家電,25300
cu12986,家電,17100
fi12987,衣料,28100
mz12988,雑貨,27600
yh12989,本,2000
kr12990,本,1315
sp12991,雑貨,10400
av12992,家電,2700
qi12993,本,2168
po12994,家電,20700
xz12995,家具,3500
rl12996,食品,28100
hk12997,雑貨,18400
rj12998,本,2036
xj12999,本,889
aj13000,本,652
gs13000,雑貨,11500
